"ID","CategoryID","SortOrder","Flags","Name","Icon","PieceCount","ItemID_1","ItemID_2","ItemID_3","ItemID_4","ItemID_5","ItemID_6","ItemID_7","ItemID_8","ItemID_9","ItemID_10","ItemID_11","ItemID_12","ItemID_13","ItemID_14","ItemID_15","ItemID_16","ItemID_17","ItemID_18","ItemID_19","ItemID_20"
"1","7","1","0","The Gladiator","","5","11729","11726","11728","11731","11730","0","0","0","0","0","0","0","0","0","0","0","0","0","0","0"
"41","7","41","0","Dal'Rend's Arms","","2","12940","12939","0","0","0","0","0","0","0","0","0","0","0","0","0","0","0","0","0","0"
"65","7","65","0","Spider's Kiss","","2","13218","13183","0","0","0","0","0","0","0","0","0","0","0","0","0","0","0","0","0","0"
"81","7","81","0","The Postmaster","","5","13390","13388","13391","13392","13389","0","0","0","0","0","0","0","0","0","0","0","0","0","0","0"
"121","7","121","0","Cadaverous Garb","","5","14637","14636","14640","14638","14641","0","0","0","0","0","0","0","0","0","0","0","0","0","0","0"
"122","7","122","0","Necropile Raiment","","5","14631","14629","14632","14633","14626","0","0","0","0","0","0","0","0","0","0","0","0","0","0","0"
"123","7","123","0","Bloodmail Regalia","","5","14614","14616","14615","14611","14612","0","0","0","0","0","0","0","0","0","0","0","0","0","0","0"
"124","7","124","0","Deathbone Guardian","","5","14624","14622","14620","14623","14621","0","0","0","0","0","0","0","0","0","0","0","0","0","0","0"
"141","7","141","0","Volcanic Armor","","3","15053","15054","15055","0","0","0","0","0","0","0","0","0","0","0","0","0","0","0","0","0"
"142","7","142","0","Stormshroud Armor","","4","15056","15057","15058","21278","0","0","0","0","0","0","0","0","0","0","0","0","0","0","0","0"
"143","7","143","0","Devilsaur Armor","","2","15062","15063","0","0","0","0","0","0","0","0","0","0","0","0","0","0","0","0","0","0"
"144","7","144","0","Ironfeather Armor","","2","15066","15067","0","0","0","0","0","0","0","0","0","0","0","0","0","0","0","0","0","0"
"161","7","161","0","Defias Leather","","5","10399","10403","10402","10401","10400","0","0","0","0","0","0","0","0","0","0","0","0","0","0","0"
"162","7","162","0","Embrace of the Viper","","5","10412","10411","10413","10410","6473","0","0","0","0","0","0","0","0","0","0","0","0","0","0","0"
"163","7","163","0","Chain of the Scarlet Crusade","","6","10329","10332","10328","10331","10330","10333","0","0","0","0","0","0","0","0","0","0","0","0","0","0"
"181","7","181","0","Magister's Regalia","","8","16685","16683","16686","16684","16687","16689","16688","16682","0","0","0","0","0","0","0","0","0","0","0","0"
"182","7","182","0","Vestments of the Devout","","8","16696","16691","16697","16693","16692","16695","16694","16690","0","0","0","0","0","0","0","0","0","0","0","0"
"183","7","183","0","Dreadmist Raiment","","8","16702","16703","16699","16701","16700","16704","16698","16705","0","0","0","0","0","0","0","0","0","0","0","0"
"184","7","184","0","Shadowcraft Armor","","8","16713","16711","16710","16721","16708","16709","16712","16707","0","0","0","0","0","0","0","0","0","0","0","0"
"185","7","185","0","Wildheart Raiment","","8","16716","16715","16714","16720","16706","16718","16719","16717","0","0","0","0","0","0","0","0","0","0","0","0"
"186","7","186","0","Beaststalker Armor","","8","16680","16675","16681","16677","16674","16678","16679","16676","0","0","0","0","0","0","0","0","0","0","0","0"
"187","7","187","0","The Elements","","8","16673","16670","16671","16667","16672","16668","16669","16666","0","0","0","0","0","0","0","0","0","0","0","0"
"188","7","188","0","Lightforge Armor","","8","16723","16725","16722","16726","16724","16728","16729","16727","0","0","0","0","0","0","0","0","0","0","0","0"
"189","7","189","0","Battlegear of Valor","","8","16736","16734","16735","16730","16737","16731","16732","16733","0","0","0","0","0","0","0","0","0","0","0","0"
"201","7","201","0","Arcanist Regalia","","8","16802","16799","16795","16800","16801","16796","16797","16798","0","0","0","0","0","0","0","0","0","0","0","0"
"202","7","202","0","Vestments of Prophecy","","8","16811","16813","16817","16812","16814","16816","16815","16819","0","0","0","0","0","0","0","0","0","0","0","0"
"203","7","203","0","Felheart Raiment","","8","16806","16804","16805","16810","16809","16807","16808","16803","0","0","0","0","0","0","0","0","0","0","0","0"
"204","7","204","0","Nightslayer Armor","","8","16827","16824","16825","16820","16821","16826","16822","16823","0","0","0","0","0","0","0","0","0","0","0","0"
"205","7","205","0","Cenarion Raiment","","8","16828","16829","16830","16833","16831","16834","16835","16836","0","0","0","0","0","0","0","0","0","0","0","0"
"206","7","206","0","Giantstalker Armor","","8","16851","16849","16850","16845","16848","16852","16846","16847","0","0","0","0","0","0","0","0","0","0","0","0"
"207","7","207","0","The Earthfury","","8","16838","16837","16840","16841","16844","16839","16842","16843","0","0","0","0","0","0","0","0","0","0","0","0"
"208","7","208","0","Lawbringer Armor","","8","16858","16859","16857","16853","16860","16854","16855","16856","0","0","0","0","0","0","0","0","0","0","0","0"
"209","7","209","0","Battlegear of Might","","8","16864","16861","16865","16863","16866","16867","16868","16862","0","0","0","0","0","0","0","0","0","0","0","0"
"210","7","210","0","Netherwind Regalia","","8","16818","16918","16912","16914","16917","16913","16915","16916","0","0","0","0","0","0","0","0","0","0","0","0"
"211","7","211","0","Vestments of Transcendence","","8","16925","16926","16919","16921","16920","16922","16924","16923","0","0","0","0","0","0","0","0","0","0","0","0"
"212","7","212","0","Nemesis Raiment","","8","16933","16927","16934","16928","16930","16931","16929","16932","0","0","0","0","0","0","0","0","0","0","0","0"
"213","7","213","0","Bloodfang Armor","","8","16910","16906","16911","16905","16907","16908","16909","16832","0","0","0","0","0","0","0","0","0","0","0","0"
"214","7","214","0","Stormrage Raiment","","8","16903","16898","16904","16897","16900","16899","16901","16902","0","0","0","0","0","0","0","0","0","0","0","0"
"215","7","215","0","Dragonstalker Armor","","8","16936","16935","16942","16940","16941","16939","16938","16937","0","0","0","0","0","0","0","0","0","0","0","0"
"216","7","216","0","The Ten Storms","","8","16944","16943","16950","16945","16948","16949","16947","16946","0","0","0","0","0","0","0","0","0","0","0","0"
"217","7","217","0","Judgement Armor","","8","16952","16951","16958","16955","16956","16954","16957","16953","0","0","0","0","0","0","0","0","0","0","0","0"
"218","7","218","0","Battlegear of Wrath","","8","16959","16966","16964","16963","16962","16961","16965","16960","0","0","0","0","0","0","0","0","0","0","0","0"
"221","7","221","0","Garb of Thero-shan","","6","7950","7948","7952","7951","7953","7949","0","0","0","0","0","0","0","0","0","0","0","0","0","0"
"241","7","241","0","Shard of the Gods","","2","17082","17064","0","0","0","0","0","0","0","0","0","0","0","0","0","0","0","0","0","0"
"261","7","261","0","Spirit of Eskhandar","","2","18203","18202","0","0","0","0","0","0","0","0","0","0","0","0","0","0","0","0","0","0"
"281","7","281","0","Champion's Battlegear","","6","16509","16510","16513","16515","16514","16516","0","0","0","0","0","0","0","0","0","0","0","0","0","0"
"282","7","282","0","Lieutenant Commander's Battlegear","","6","16405","16406","16430","16431","16429","16432","0","0","0","0","0","0","0","0","0","0","0","0","0","0"
"301","7","301","0","Champion's Earthshaker","","6","16519","16518","16522","16523","16521","16524","0","0","0","0","0","0","0","0","0","0","0","0","0","0"
"321","7","321","0","Imperial Plate","","7","12424","12426","12425","12422","12427","12429","12428","0","0","0","0","0","0","0","0","0","0","0","0","0"
"341","7","341","0","Champion's Regalia","","6","16485","16487","16491","16490","16489","16492","0","0","0","0","0","0","0","0","0","0","0","0","0","0"
"342","7","342","0","Champion's Raiment","","6","17616","17617","17612","17611","17613","17610","0","0","0","0","0","0","0","0","0","0","0","0","0","0"
"343","7","343","0","Lieutenant Commander's Regalia","","6","16369","16391","16413","16414","16416","16415","0","0","0","0","0","0","0","0","0","0","0","0","0","0"
"344","7","344","0","Lieutenant Commander's Raiment","","6","17594","17596","17600","17599","17598","17601","0","0","0","0","0","0","0","0","0","0","0","0","0","0"
"345","7","345","0","Champion's Threads","","6","17576","17577","17572","17571","17570","17573","0","0","0","0","0","0","0","0","0","0","0","0","0","0"
"346","7","346","0","Lieutenant Commander's Threads","","6","17562","17564","17568","17567","17569","17566","0","0","0","0","0","0","0","0","0","0","0","0","0","0"
"347","7","347","0","Champion's Vestments","","6","16498","16499","16505","16508","16506","16507","0","0","0","0","0","0","0","0","0","0","0","0","0","0"
"348","7","348","0","Lieutenant Commander's Vestments","","6","16392","16396","16417","16419","16420","16418","0","0","0","0","0","0","0","0","0","0","0","0","0","0"
"361","7","361","0","Champion's Pursuit","","6","16531","16530","16525","16527","16526","16528","0","0","0","0","0","0","0","0","0","0","0","0","0","0"
"362","7","362","0","Lieutenant Commander's Pursuit","","6","16425","16426","16401","16403","16428","16427","0","0","0","0","0","0","0","0","0","0","0","0","0","0"
"381","7","381","0","Lieutenant Commander's Sanctuary","","6","16423","16424","16422","16421","16393","16397","0","0","0","0","0","0","0","0","0","0","0","0","0","0"
"382","7","382","0","Champion's Sanctuary","","6","16494","16496","16504","16502","16503","16501","0","0","0","0","0","0","0","0","0","0","0","0","0","0"
"383","7","383","0","Warlord's Battlegear","","6","16541","16542","16544","16545","16548","16543","0","0","0","0","0","0","0","0","0","0","0","0","0","0"
"384","7","384","0","Field Marshal's Battlegear","","6","16477","16478","16480","16483","16484","16479","0","0","0","0","0","0","0","0","0","0","0","0","0","0"
"386","7","386","0","Warlord's Earthshaker","","6","16577","16578","16580","16573","16574","16579","0","0","0","0","0","0","0","0","0","0","0","0","0","0"
"387","7","387","0","Warlord's Regalia","","6","16536","16533","16535","16539","16540","16534","0","0","0","0","0","0","0","0","0","0","0","0","0","0"
"388","7","388","0","Field Marshal's Regalia","","6","16441","16444","16443","16437","16440","16442","0","0","0","0","0","0","0","0","0","0","0","0","0","0"
"389","7","389","0","Field Marshal's Raiment","","6","17604","17603","17605","17608","17607","17602","0","0","0","0","0","0","0","0","0","0","0","0","0","0"
"390","7","390","0","Warlord's Raiment","","6","17623","17625","17622","17624","17618","17620","0","0","0","0","0","0","0","0","0","0","0","0","0","0"
"391","7","391","0","Warlord's Threads","","6","17586","17588","17593","17591","17590","17592","0","0","0","0","0","0","0","0","0","0","0","0","0","0"
"392","7","392","0","Field Marshal's Threads","","6","17581","17580","17583","17584","17579","17578","0","0","0","0","0","0","0","0","0","0","0","0","0","0"
"393","7","393","0","Warlord's Vestments","","6","16563","16561","16562","16564","16560","16558","0","0","0","0","0","0","0","0","0","0","0","0","0","0"
"394","7","394","0","Field Marshal's Vestments","","6","16453","16457","16455","16446","16454","16456","0","0","0","0","0","0","0","0","0","0","0","0","0","0"
"395","7","395","0","Field Marshal's Pursuit","","6","16466","16465","16468","16462","16463","16467","0","0","0","0","0","0","0","0","0","0","0","0","0","0"
"396","7","396","0","Warlord's Pursuit","","6","16569","16571","16567","16565","16566","16568","0","0","0","0","0","0","0","0","0","0","0","0","0","0"
"397","7","397","0","Field Marshal's Sanctuary","","6","16452","16451","16449","16459","16448","16450","0","0","0","0","0","0","0","0","0","0","0","0","0","0"
"398","7","398","0","Warlord's Sanctuary","","6","16554","16555","16552","16551","16549","16550","0","0","0","0","0","0","0","0","0","0","0","0","0","0"
"401","7","401","0","Lieutenant Commander's Aegis","","6","16410","16409","16433","16435","16434","16436","0","0","0","0","0","0","0","0","0","0","0","0","0","0"
"402","7","402","0","Field Marshal's Aegis","","6","16473","16474","16476","16472","16471","16475","0","0","0","0","0","0","0","0","0","0","0","0","0","0"
"421","7","421","0","Bloodvine Garb","","3","19682","19683","19684","0","0","0","0","0","0","0","0","0","0","0","0","0","0","0","0","0"
"441","7","441","0","Primal Batskin","","3","19685","19687","19686","0","0","0","0","0","0","0","0","0","0","0","0","0","0","0","0","0"
"442","7","442","0","Blood Tiger Harness","","2","19688","19689","0","0","0","0","0","0","0","0","0","0","0","0","0","0","0","0","0","0"
"443","7","443","0","Bloodsoul Embrace","","3","19690","19691","19692","0","0","0","0","0","0","0","0","0","0","0","0","0","0","0","0","0"
"444","7","444","0","The Darksoul","","3","19693","19694","19695","0","0","0","0","0","0","0","0","0","0","0","0","0","0","0","0","0"
"461","7","461","0","The Twin Blades of Hakkari","","2","19865","19866","0","0","0","0","0","0","0","0","0","0","0","0","0","0","0","0","0","0"
"462","7","462","0","Zanzil's Concentration","","2","19893","19905","0","0","0","0","0","0","0","0","0","0","0","0","0","0","0","0","0","0"
"463","7","463","0","Primal Blessing","","2","19896","19910","0","0","0","0","0","0","0","0","0","0","0","0","0","0","0","0","0","0"
"464","7","464","0","Overlord's Resolution","","2","19873","19912","0","0","0","0","0","0","0","0","0","0","0","0","0","0","0","0","0","0"
"465","7","465","0","Prayer of the Primal","","2","19863","19920","0","0","0","0","0","0","0","0","0","0","0","0","0","0","0","0","0","0"
"466","7","466","0","Major Mojo Infusion","","2","19898","19925","0","0","0","0","0","0","0","0","0","0","0","0","0","0","0","0","0","0"
"467","7","467","0","The Highlander's Resolution","","3","20041","20048","20057","0","0","0","0","0","0","0","0","0","0","0","0","0","0","0","0","0"
"468","7","468","0","The Highlander's Resolve","","3","20042","20049","20058","0","0","0","0","0","0","0","0","0","0","0","0","0","0","0","0","0"
"469","7","469","0","The Highlander's Determination","","3","20043","20050","20055","0","0","0","0","0","0","0","0","0","0","0","0","0","0","0","0","0"
"470","7","470","0","The Highlander's Fortitude","","3","20044","20051","20056","0","0","0","0","0","0","0","0","0","0","0","0","0","0","0","0","0"
"471","7","471","0","The Highlander's Purpose","","3","20052","20045","20059","0","0","0","0","0","0","0","0","0","0","0","0","0","0","0","0","0"
"472","7","472","0","The Highlander's Will","","3","20053","20046","20060","0","0","0","0","0","0","0","0","0","0","0","0","0","0","0","0","0"
"473","7","473","0","The Highlander's Intent","","3","20054","20047","20061","0","0","0","0","0","0","0","0","0","0","0","0","0","0","0","0","0"
"474","7","474","0","Vindicator's Battlegear","","5","19951","19577","19824","19823","19822","0","0","0","0","0","0","0","0","0","0","0","0","0","0","0"
"475","7","475","0","Freethinker's Armor","","5","19952","19588","19827","19826","19825","0","0","0","0","0","0","0","0","0","0","0","0","0","0","0"
"476","7","476","0","Augur's Regalia","","5","19609","19956","19830","19829","19828","0","0","0","0","0","0","0","0","0","0","0","0","0","0","0"
"477","7","477","0","Predator's Armor","","5","19621","19953","19833","19832","19831","0","0","0","0","0","0","0","0","0","0","0","0","0","0","0"
"478","7","478","0","Madcap's Outfit","","5","19617","19954","19836","19835","19834","0","0","0","0","0","0","0","0","0","0","0","0","0","0","0"
"479","7","479","0","Haruspex's Garb","","5","19613","19955","19840","19839","19838","0","0","0","0","0","0","0","0","0","0","0","0","0","0","0"
"480","7","480","0","Confessor's Raiment","","5","19594","19958","19843","19842","19841","0","0","0","0","0","0","0","0","0","0","0","0","0","0","0"
"481","7","481","0","Demoniac's Threads","","5","19605","19957","19848","19849","20033","0","0","0","0","0","0","0","0","0","0","0","0","0","0","0"
"482","7","482","0","Illusionist's Attire","","5","19601","19959","19846","19845","20034","0","0","0","0","0","0","0","0","0","0","0","0","0","0","0"
"483","7","483","0","The Defiler's Determination","","3","20158","20154","20150","0","0","0","0","0","0","0","0","0","0","0","0","0","0","0","0","0"
"484","7","484","0","The Defiler's Fortitude","","3","20195","20199","20203","0","0","0","0","0","0","0","0","0","0","0","0","0","0","0","0","0"
"485","7","485","0","The Defiler's Intent","","3","20176","20159","20163","0","0","0","0","0","0","0","0","0","0","0","0","0","0","0","0","0"
"486","7","486","0","The Defiler's Purpose","","3","20186","20190","20194","0","0","0","0","0","0","0","0","0","0","0","0","0","0","0","0","0"
"487","7","487","0","The Defiler's Resolution","","3","20204","20208","20212","0","0","0","0","0","0","0","0","0","0","0","0","0","0","0","0","0"
"488","7","488","0","The Defiler's Will","","3","20167","20171","20175","0","0","0","0","0","0","0","0","0","0","0","0","0","0","0","0","0"
"489","7","489","0","Black Dragon Mail","","4","16984","15050","15052","15051","0","0","0","0","0","0","0","0","0","0","0","0","0","0","0","0"
"490","7","490","0","Green Dragon Mail","","3","15045","15046","20296","0","0","0","0","0","0","0","0","0","0","0","0","0","0","0","0","0"
"491","7","491","0","Blue Dragon Mail","","3","15048","20295","15049","0","0","0","0","0","0","0","0","0","0","0","0","0","0","0","0","0"
"492","7","492","0","Twilight Trappings","","3","20406","20408","20407","0","0","0","0","0","0","0","0","0","0","0","0","0","0","0","0","0"
"493","7","493","0","Genesis Raiment","","5","21355","21353","21354","21356","21357","0","0","0","0","0","0","0","0","0","0","0","0","0","0","0"
"494","7","494","0","Symbols of Unending Life","","3","21408","21409","21407","0","0","0","0","0","0","0","0","0","0","0","0","0","0","0","0","0"
"495","7","495","0","Battlegear of Unyielding Strength","","3","21394","21392","21393","0","0","0","0","0","0","0","0","0","0","0","0","0","0","0","0","0"
"496","7","496","0","Conqueror's Battlegear","","5","21331","21329","21333","21332","21330","0","0","0","0","0","0","0","0","0","0","0","0","0","0","0"
"497","7","497","0","Deathdealer's Embrace","","5","21359","21360","21361","21362","21364","0","0","0","0","0","0","0","0","0","0","0","0","0","0","0"
"498","7","498","0","Emblems of Veiled Shadows","","3","21405","21406","21404","0","0","0","0","0","0","0","0","0","0","0","0","0","0","0","0","0"
"499","7","499","0","Doomcaller's Attire","","5","21337","21338","21335","21334","21336","0","0","0","0","0","0","0","0","0","0","0","0","0","0","0"
"500","7","500","0","Implements of Unspoken Names","","3","21416","21417","21418","0","0","0","0","0","0","0","0","0","0","0","0","0","0","0","0","0"
"501","7","501","0","Stormcaller's Garb","","5","21372","21373","21374","21375","21376","0","0","0","0","0","0","0","0","0","0","0","0","0","0","0"
"502","7","502","0","Gift of the Gathering Storm","","3","21400","21398","21399","0","0","0","0","0","0","0","0","0","0","0","0","0","0","0","0","0"
"503","7","503","0","Enigma Vestments","","5","21344","21347","21346","21343","21345","0","0","0","0","0","0","0","0","0","0","0","0","0","0","0"
"504","7","504","0","Trappings of Vaulted Secrets","","3","21414","21413","21415","0","0","0","0","0","0","0","0","0","0","0","0","0","0","0","0","0"
"505","7","505","0","Avenger's Battlegear","","5","21389","21387","21388","21390","21391","0","0","0","0","0","0","0","0","0","0","0","0","0","0","0"
"506","7","506","0","Battlegear of Eternal Justice","","3","21397","21395","21396","0","0","0","0","0","0","0","0","0","0","0","0","0","0","0","0","0"
"507","7","507","0","Garments of the Oracle","","5","21349","21350","21348","21352","21351","0","0","0","0","0","0","0","0","0","0","0","0","0","0","0"
"508","7","508","0","Finery of Infinite Wisdom","","3","21410","21411","21412","0","0","0","0","0","0","0","0","0","0","0","0","0","0","0","0","0"
"509","7","509","0","Striker's Garb","","5","21366","21365","21370","21368","21367","0","0","0","0","0","0","0","0","0","0","0","0","0","0","0"
"510","7","510","0","Trappings of the Unseen Path","","3","21403","21401","21402","0","0","0","0","0","0","0","0","0","0","0","0","0","0","0","0","0"
"511","7","511","0","Battlegear of Heroism","","8","21994","21995","21996","21997","21998","21999","22000","22001","0","0","0","0","0","0","0","0","0","0","0","0"
"512","7","512","0","Darkmantle Armor","","8","22002","22003","22004","22005","22006","22007","22008","22009","0","0","0","0","0","0","0","0","0","0","0","0"
"513","7","513","0","Feralheart Raiment","","8","22106","22107","22108","22109","22110","22111","22112","22113","0","0","0","0","0","0","0","0","0","0","0","0"
"514","7","514","0","Vestments of the Virtuous","","8","22078","22079","22080","22081","22082","22083","22084","22085","0","0","0","0","0","0","0","0","0","0","0","0"
"515","7","515","0","Beastmaster Armor","","8","22010","22011","22061","22013","22015","22016","22017","22060","0","0","0","0","0","0","0","0","0","0","0","0"
"516","7","516","0","Soulforge Armor","","8","22086","22087","22088","22089","22090","22091","22092","22093","0","0","0","0","0","0","0","0","0","0","0","0"
"517","7","517","0","Sorcerer's Regalia","","8","22062","22063","22064","22065","22066","22067","22068","22069","0","0","0","0","0","0","0","0","0","0","0","0"
"518","7","518","0","Deathmist Raiment","","8","22070","22071","22072","22073","22074","22075","22076","22077","0","0","0","0","0","0","0","0","0","0","0","0"
"519","7","519","0","The Five Thunders","","8","22095","22096","22097","22098","22099","22100","22101","22102","0","0","0","0","0","0","0","0","0","0","0","0"
"520","7","520","0","Ironweave Battlesuit","","8","22306","22311","22313","22302","22304","22305","22303","22301","0","0","0","0","0","0","0","0","0","0","0","0"
"521","7","521","0","Dreamwalker Raiment","","9","22492","22494","22493","22490","22489","22491","22488","22495","23064","0","0","0","0","0","0","0","0","0","0","0"
"522","7","522","0","Champion's Guard","","6","22864","22856","22879","22880","23257","23258","0","0","0","0","0","0","0","0","0","0","0","0","0","0"
"523","7","523","0","Dreadnaught's Battlegear","","9","22423","22416","22421","22422","22418","22417","22419","22420","23059","0","0","0","0","0","0","0","0","0","0","0"
"524","7","524","0","Bonescythe Armor","","9","22483","22476","22481","22478","22477","22479","22480","22482","23060","0","0","0","0","0","0","0","0","0","0","0"
"525","7","525","0","Vestments of Faith","","9","22518","22519","22514","22517","22513","22512","22516","22515","23061","0","0","0","0","0","0","0","0","0","0","0"
"526","7","526","0","Frostfire Regalia","","9","22502","22503","22498","22501","22497","22496","22500","22499","23062","0","0","0","0","0","0","0","0","0","0","0"
"527","7","527","0","The Earthshatterer","","9","22468","22470","22469","22466","22465","22467","22464","22471","23065","0","0","0","0","0","0","0","0","0","0","0"
"528","7","528","0","Redemption Armor","","9","22430","22431","22426","22428","22427","22429","22425","22424","23066","0","0","0","0","0","0","0","0","0","0","0"
"529","7","529","0","Plagueheart Raiment","","9","22510","22511","22506","22509","22505","22504","22508","22507","23063","0","0","0","0","0","0","0","0","0","0","0"
"530","7","530","0","Cryptstalker Armor","","9","22440","22442","22441","22438","22437","22439","22436","22443","23067","0","0","0","0","0","0","0","0","0","0","0"
"533","7","533","0","Battlegear of Undead Slaying","","3","23090","23087","23078","0","0","0","0","0","0","0","0","0","0","0","0","0","0","0","0","0"
"534","7","534","0","Undead Slayer's Armor","","3","23081","23089","23093","0","0","0","0","0","0","0","0","0","0","0","0","0","0","0","0","0"
"535","7","535","0","Garb of the Undead Slayer","","3","23088","23082","23092","0","0","0","0","0","0","0","0","0","0","0","0","0","0","0","0","0"
"536","7","536","0","Regalia of Undead Cleansing","","3","23091","23084","23085","0","0","0","0","0","0","0","0","0","0","0","0","0","0","0","0","0"
"537","7","537","0","Champion's Battlearmor","","6","22868","22858","22872","22873","23244","23243","0","0","0","0","0","0","0","0","0","0","0","0","0","0"
"538","7","538","0","Champion's Stormcaller","","6","22857","22867","22876","22887","23259","23260","0","0","0","0","0","0","0","0","0","0","0","0","0","0"
"539","7","539","0","Champion's Refuge","","6","22863","22852","22877","22878","23253","23254","0","0","0","0","0","0","0","0","0","0","0","0","0","0"
"540","7","540","0","Champion's Investiture","","6","22869","22859","22882","22885","23261","23262","0","0","0","0","0","0","0","0","0","0","0","0","0","0"
"541","7","541","0","Champion's Dreadgear","","6","22865","22855","23255","23256","22881","22884","0","0","0","0","0","0","0","0","0","0","0","0","0","0"
"542","7","542","0","Champion's Arcanum","","6","22870","22860","23263","23264","22883","22886","0","0","0","0","0","0","0","0","0","0","0","0","0","0"
"543","7","543","0","Champion's Pursuance","","6","22843","22862","23251","23252","22874","22875","0","0","0","0","0","0","0","0","0","0","0","0","0","0"
"544","7","544","0","Lieutenant Commander's Redoubt","","6","23272","23273","23274","23275","23276","23277","0","0","0","0","0","0","0","0","0","0","0","0","0","0"
"545","7","545","0","Lieutenant Commander's Battlearmor","","6","23300","23301","23286","23287","23314","23315","0","0","0","0","0","0","0","0","0","0","0","0","0","0"
"546","7","546","0","Lieutenant Commander's Arcanum","","6","23304","23305","23290","23291","23318","23319","0","0","0","0","0","0","0","0","0","0","0","0","0","0"
"547","7","547","0","Lieutenant Commander's Dreadgear","","6","23296","23297","23282","23283","23310","23311","0","0","0","0","0","0","0","0","0","0","0","0","0","0"
"548","7","548","0","Lieutenant Commander's Guard","","6","23298","23299","23284","23285","23312","23313","0","0","0","0","0","0","0","0","0","0","0","0","0","0"
"549","7","549","0","Lieutenant Commander's Investiture","","6","23302","23303","23288","23289","23316","23317","0","0","0","0","0","0","0","0","0","0","0","0","0","0"
"550","7","550","0","Lieutenant Commander's Pursuance","","6","23292","23293","23278","23279","23306","23307","0","0","0","0","0","0","0","0","0","0","0","0","0","0"
"551","7","551","0","Lieutenant Commander's Refuge","","6","23294","23295","23280","23281","23308","23309","0","0","0","0","0","0","0","0","0","0","0","0","0","0"
"552","7","552","0","Wrath of Spellfire","","3","21848","21847","21846","0","0","0","0","0","0","0","0","0","0","0","0","0","0","0","0","0"
"553","7","553","0","Shadow's Embrace","","3","21871","21869","21870","0","0","0","0","0","0","0","0","0","0","0","0","0","0","0","0","0"
"554","7","554","0","Primal Mooncloth","","3","21875","21874","21873","0","0","0","0","0","0","0","0","0","0","0","0","0","0","0","0","0"
"555","7","555","0","Netherweave Vestments","","7","21855","21854","21852","21851","21849","21853","21850","0","0","0","0","0","0","0","0","0","0","0","0","0"
"556","7","556","0","Imbued Netherweave","","4","21862","21861","21859","21860","0","0","0","0","0","0","0","0","0","0","0","0","0","0","0","0"
"557","7","557","0","Soulcloth Embrace","","3","21865","21864","21863","0","0","0","0","0","0","0","0","0","0","0","0","0","0","0","0","0"
"558","7","558","0","Arcanoweave Vestments","","3","21868","21866","21867","0","0","0","0","0","0","0","0","0","0","0","0","0","0","0","0","0"
"559","7","559","0","Spellstrike Infusion","","2","24266","24262","0","0","0","0","0","0","0","0","0","0","0","0","0","0","0","0","0","0"
"560","7","560","0","Fel Iron Plate","","5","23489","23488","23487","23482","23484","0","0","0","0","0","0","0","0","0","0","0","0","0","0","0"
"561","7","561","0","Fel Iron Chain","","4","23490","23491","23493","23494","0","0","0","0","0","0","0","0","0","0","0","0","0","0","0","0"
"562","7","562","0","Adamantite Battlegear","","3","23507","23508","23506","0","0","0","0","0","0","0","0","0","0","0","0","0","0","0","0","0"
"563","7","563","0","Enchanted Adamantite Armor","","4","23509","23512","23511","23510","0","0","0","0","0","0","0","0","0","0","0","0","0","0","0","0"
"564","7","564","0","Flame Guard","","4","23513","23516","23514","23515","0","0","0","0","0","0","0","0","0","0","0","0","0","0","0","0"
"565","7","565","0","Khorium Ward","","3","23523","23525","23524","0","0","0","0","0","0","0","0","0","0","0","0","0","0","0","0","0"
"566","7","566","0","Burning Rage","","4","23522","23521","23520","33173","0","0","0","0","0","0","0","0","0","0","0","0","0","0","0","0"
"567","7","567","0","Gladiator's Battlegear","","5","24544","24549","24545","24547","24546","0","0","0","0","0","0","0","0","0","0","0","0","0","0","0"
"568","7","568","0","Gladiator's Dreadgear","","5","24556","24553","24555","24554","24552","0","0","0","0","0","0","0","0","0","0","0","0","0","0","0"
"569","7","569","0","Faith in Felsteel","","3","23519","23518","23517","0","0","0","0","0","0","0","0","0","0","0","0","0","0","0","0","0"
"570","7","570","0","The Unyielding","","2","24255","24249","0","0","0","0","0","0","0","0","0","0","0","0","0","0","0","0","0","0"
"571","7","571","0","Whitemend Wisdom","","2","24264","24261","0","0","0","0","0","0","0","0","0","0","0","0","0","0","0","0","0","0"
"572","7","572","0","Battlecast Garb","","2","24267","24263","0","0","0","0","0","0","0","0","0","0","0","0","0","0","0","0","0","0"
"573","7","573","0","Fel Skin","","3","25685","25686","25687","0","0","0","0","0","0","0","0","0","0","0","0","0","0","0","0","0"
"574","7","574","0","Strength of the Clefthoof","","3","25691","25690","25689","0","0","0","0","0","0","0","0","0","0","0","0","0","0","0","0","0"
"575","7","575","0","Felstalker Armor","","3","25695","25697","25696","0","0","0","0","0","0","0","0","0","0","0","0","0","0","0","0","0"
"576","7","576","0","Fury of the Nether","","3","25694","25693","25692","0","0","0","0","0","0","0","0","0","0","0","0","0","0","0","0","0"
"577","7","577","0","Gladiator's Vestments","","5","25834","25833","25830","25832","25831","0","0","0","0","0","0","0","0","0","0","0","0","0","0","0"
"578","7","578","0","Gladiator's Earthshaker","","5","25997","26000","25998","26001","25999","0","0","0","0","0","0","0","0","0","0","0","0","0","0","0"
"579","7","579","0","Gladiator's Regalia","","5","25854","25855","25857","25856","25858","0","0","0","0","0","0","0","0","0","0","0","0","0","0","0"
"580","7","580","0","Gladiator's Thunderfist","","5","27469","27470","27471","27472","27473","0","0","0","0","0","0","0","0","0","0","0","0","0","0","0"
"581","7","581","0","Gladiator's Raiment","","5","27707","27708","27709","27710","27711","0","0","0","0","0","0","0","0","0","0","0","0","0","0","0"
"582","7","582","0","Gladiator's Aegis","","5","27702","27703","27704","27705","27706","0","0","0","0","0","0","0","0","0","0","0","0","0","0","0"
"583","7","583","0","Gladiator's Vindication","","5","27879","27880","27881","27882","27883","0","0","0","0","0","0","0","0","0","0","0","0","0","0","0"
"584","7","584","0","Gladiator's Sanctuary","","5","28126","28127","28128","28129","28130","0","0","0","0","0","0","0","0","0","0","0","0","0","0","0"
"585","7","585","0","Gladiator's Wildhide","","5","28136","28137","28138","28139","28140","0","0","0","0","0","0","0","0","0","0","0","0","0","0","0"
"586","7","586","0","Gladiator's Pursuit","","5","28334","28335","28331","28332","28333","0","0","0","0","0","0","0","0","0","0","0","0","0","0","0"
"587","7","587","0","High Warlord's Aegis","","5","28831","28832","28833","28834","28835","0","0","0","0","0","0","0","0","0","0","0","0","0","0","0"
"588","7","588","0","High Warlord's Battlegear","","5","28851","28852","28853","28854","28855","0","0","0","0","0","0","0","0","0","0","0","0","0","0","0"
"589","7","589","0","Grand Marshal's Aegis","","5","28679","28680","28681","28724","28683","0","0","0","0","0","0","0","0","0","0","0","0","0","0","0"
"590","7","590","0","Grand Marshal's Battlegear","","5","28699","28700","28701","28702","28703","0","0","0","0","0","0","0","0","0","0","0","0","0","0","0"
"591","7","591","0","Grand Marshal's Dreadgear","","5","28624","28625","28626","28627","28628","0","0","0","0","0","0","0","0","0","0","0","0","0","0","0"
"592","7","592","0","High Warlord's Dreadgear","","5","28817","28818","28819","28820","28821","0","0","0","0","0","0","0","0","0","0","0","0","0","0","0"
"593","7","593","0","Grand Marshal's Earthshaker","","5","28689","28690","28691","28692","28693","0","0","0","0","0","0","0","0","0","0","0","0","0","0","0"
"594","7","594","0","High Warlord's Earthshaker","","5","28841","28842","28843","28844","28845","0","0","0","0","0","0","0","0","0","0","0","0","0","0","0"
"595","7","595","0","Grand Marshal's Pursuit","","5","28613","28614","28615","28616","28617","0","0","0","0","0","0","0","0","0","0","0","0","0","0","0"
"596","7","596","0","High Warlord's Pursuit","","5","28805","28806","28807","28808","28809","0","0","0","0","0","0","0","0","0","0","0","0","0","0","0"
"597","7","597","0","Grand Marshal's Raiment","","5","28704","28705","28706","28707","28708","0","0","0","0","0","0","0","0","0","0","0","0","0","0","0"
"598","7","598","0","High Warlord's Raiment","","5","28856","28857","28858","28859","28860","0","0","0","0","0","0","0","0","0","0","0","0","0","0","0"
"599","7","599","0","Grand Marshal's Regalia","","5","28714","28715","28716","28717","28718","0","0","0","0","0","0","0","0","0","0","0","0","0","0","0"
"600","7","600","0","High Warlord's Regalia","","5","28866","28867","28868","28869","28870","0","0","0","0","0","0","0","0","0","0","0","0","0","0","0"
"601","7","601","0","Grand Marshal's Sanctuary","","5","28618","28619","28620","28622","28623","0","0","0","0","0","0","0","0","0","0","0","0","0","0","0"
"602","7","602","0","High Warlord's Sanctuary","","5","28811","28812","28813","28814","28815","0","0","0","0","0","0","0","0","0","0","0","0","0","0","0"
"603","7","603","0","Grand Marshal's Thunderfist","","5","28694","28695","28696","28697","28698","0","0","0","0","0","0","0","0","0","0","0","0","0","0","0"
"604","7","604","0","High Warlord's Thunderfist","","5","28846","28847","28848","28849","28850","0","0","0","0","0","0","0","0","0","0","0","0","0","0","0"
"605","7","605","0","Grand Marshal's Vestments","","5","28684","28685","28686","28687","28688","0","0","0","0","0","0","0","0","0","0","0","0","0","0","0"
"606","7","606","0","High Warlord's Vestments","","5","28836","28837","28838","28839","28840","0","0","0","0","0","0","0","0","0","0","0","0","0","0","0"
"607","7","607","0","Grand Marshal's Vindication","","5","28709","28710","28711","28712","28713","0","0","0","0","0","0","0","0","0","0","0","0","0","0","0"
"608","7","608","0","High Warlord's Vindication","","5","28861","28862","28863","28864","28865","0","0","0","0","0","0","0","0","0","0","0","0","0","0","0"
"609","7","609","0","Grand Marshal's Wildhide","","5","28719","28720","28721","28722","28723","0","0","0","0","0","0","0","0","0","0","0","0","0","0","0"
"610","7","610","0","High Warlord's Wildhide","","5","28871","28872","28873","28874","28875","0","0","0","0","0","0","0","0","0","0","0","0","0","0","0"
"611","7","611","0","Felscale Armor","","4","25657","25656","25655","25654","0","0","0","0","0","0","0","0","0","0","0","0","0","0","0","0"
"612","7","612","0","Scaled Draenic Armor","","4","25661","25659","25662","25660","0","0","0","0","0","0","0","0","0","0","0","0","0","0","0","0"
"613","7","613","0","Thick Draenic Armor","","4","25668","25669","25670","25671","0","0","0","0","0","0","0","0","0","0","0","0","0","0","0","0"
"614","7","614","0","Wild Draenish Armor","","4","25673","25674","25675","25676","0","0","0","0","0","0","0","0","0","0","0","0","0","0","0","0"
"615","7","615","0","Gladiator's Felshroud","","5","30186","30187","30188","30200","30201","0","0","0","0","0","0","0","0","0","0","0","0","0","0","0"
"616","7","616","0","Netherscale Armor","","3","29516","29517","29515","0","0","0","0","0","0","0","0","0","0","0","0","0","0","0","0","0"
"617","7","617","0","Netherstrike Armor","","3","29521","29520","29519","0","0","0","0","0","0","0","0","0","0","0","0","0","0","0","0","0"
"618","7","618","0","Windhawk Armor","","3","29523","29524","29522","0","0","0","0","0","0","0","0","0","0","0","0","0","0","0","0","0"
"619","7","619","0","Primal Intent","","3","29527","29526","29525","0","0","0","0","0","0","0","0","0","0","0","0","0","0","0","0","0"
"620","7","620","0","Assassination Armor","","5","27509","28414","27908","27776","28204","0","0","0","0","0","0","0","0","0","0","0","0","0","0","0"
"621","7","621","0","Netherblade","","5","29046","29045","29044","29048","29047","0","0","0","0","0","0","0","0","0","0","0","0","0","0","0"
"622","7","622","0","Deathmantle","","5","30144","30145","30146","30148","30149","0","0","0","0","0","0","0","0","0","0","0","0","0","0","0"
"623","7","623","0","Righteous Armor","","5","28203","27535","28285","27839","27739","0","0","0","0","0","0","0","0","0","0","0","0","0","0","0"
"624","7","624","0","Justicar Raiment","","5","29062","29061","29065","29063","29064","0","0","0","0","0","0","0","0","0","0","0","0","0","0","0"
"625","7","625","0","Justicar Armor","","5","29066","29068","29067","29069","29070","0","0","0","0","0","0","0","0","0","0","0","0","0","0","0"
"626","7","626","0","Justicar Battlegear","","5","29071","29073","29072","29074","29075","0","0","0","0","0","0","0","0","0","0","0","0","0","0","0"
"627","7","627","0","Crystalforge Raiment","","5","30134","30135","30136","30137","30138","0","0","0","0","0","0","0","0","0","0","0","0","0","0","0"
"628","7","628","0","Crystalforge Armor","","5","30123","30125","30124","30126","30127","0","0","0","0","0","0","0","0","0","0","0","0","0","0","0"
"629","7","629","0","Crystalforge Battlegear","","5","30129","30130","30132","30133","30131","0","0","0","0","0","0","0","0","0","0","0","0","0","0","0"
"630","7","630","0","Tidefury Raiment","","5","28231","27510","28349","27909","27802","0","0","0","0","0","0","0","0","0","0","0","0","0","0","0"
"631","7","631","0","Cyclone Raiment","","5","29032","29029","29028","29030","29031","0","0","0","0","0","0","0","0","0","0","0","0","0","0","0"
"632","7","632","0","Cyclone Regalia","","5","29033","29035","29034","29036","29037","0","0","0","0","0","0","0","0","0","0","0","0","0","0","0"
"633","7","633","0","Cyclone Harness","","5","29038","29039","29040","29043","29042","0","0","0","0","0","0","0","0","0","0","0","0","0","0","0"
"634","7","634","0","Cataclysm Raiment","","5","30164","30165","30166","30167","30168","0","0","0","0","0","0","0","0","0","0","0","0","0","0","0"
"635","7","635","0","Cataclysm Regalia","","5","30169","30170","30171","30172","30173","0","0","0","0","0","0","0","0","0","0","0","0","0","0","0"
"636","7","636","0","Cataclysm Harness","","5","30185","30189","30190","30192","30194","0","0","0","0","0","0","0","0","0","0","0","0","0","0","0"
"637","7","637","0","Moonglade Raiment","","5","28348","27468","27873","28202","27737","0","0","0","0","0","0","0","0","0","0","0","0","0","0","0"
"638","7","638","0","Malorne Raiment","","5","29087","29086","29090","29088","29089","0","0","0","0","0","0","0","0","0","0","0","0","0","0","0"
"639","7","639","0","Malorne Regalia","","5","29093","29094","29091","29092","29095","0","0","0","0","0","0","0","0","0","0","0","0","0","0","0"
"640","7","640","0","Malorne Harness","","5","29096","29097","29099","29100","29098","0","0","0","0","0","0","0","0","0","0","0","0","0","0","0"
"641","7","641","0","Nordrassil Harness","","5","30222","30223","30228","30229","30230","0","0","0","0","0","0","0","0","0","0","0","0","0","0","0"
"642","7","642","0","Nordrassil Raiment","","5","30216","30217","30219","30220","30221","0","0","0","0","0","0","0","0","0","0","0","0","0","0","0"
"643","7","643","0","Nordrassil Regalia","","5","30231","30232","30233","30234","30235","0","0","0","0","0","0","0","0","0","0","0","0","0","0","0"
"644","7","644","0","Oblivion Raiment","","5","27537","28415","28232","27778","27948","0","0","0","0","0","0","0","0","0","0","0","0","0","0","0"
"645","7","645","0","Voidheart Raiment","","5","28963","28968","28966","28967","28964","0","0","0","0","0","0","0","0","0","0","0","0","0","0","0"
"646","7","646","0","Corruptor Raiment","","5","30211","30212","30213","30215","30214","0","0","0","0","0","0","0","0","0","0","0","0","0","0","0"
"647","7","647","0","Incanter's Regalia","","5","28278","27508","27738","28229","27838","0","0","0","0","0","0","0","0","0","0","0","0","0","0","0"
"648","7","648","0","Aldor Regalia","","5","29076","29080","29078","29079","29077","0","0","0","0","0","0","0","0","0","0","0","0","0","0","0"
"649","7","649","0","Tirisfal Regalia","","5","30206","30205","30207","30210","30196","0","0","0","0","0","0","0","0","0","0","0","0","0","0","0"
"650","7","650","0","Beast Lord Armor","","5","28228","27474","28275","27874","27801","0","0","0","0","0","0","0","0","0","0","0","0","0","0","0"
"651","7","651","0","Demon Stalker Armor","","5","29085","29081","29083","29082","29084","0","0","0","0","0","0","0","0","0","0","0","0","0","0","0"
"652","7","652","0","Rift Stalker Armor","","5","30139","30140","30141","30142","30143","0","0","0","0","0","0","0","0","0","0","0","0","0","0","0"
"653","7","653","0","Bold Armor","","5","28205","27475","27977","27803","28350","0","0","0","0","0","0","0","0","0","0","0","0","0","0","0"
"654","7","654","0","Warbringer Armor","","5","29012","29011","29017","29015","29016","0","0","0","0","0","0","0","0","0","0","0","0","0","0","0"
"655","7","655","0","Warbringer Battlegear","","5","29021","29019","29020","29022","29023","0","0","0","0","0","0","0","0","0","0","0","0","0","0","0"
"656","7","656","0","Destroyer Armor","","5","30113","30115","30114","30116","30117","0","0","0","0","0","0","0","0","0","0","0","0","0","0","0"
"657","7","657","0","Destroyer Battlegear","","5","30120","30118","30119","30121","30122","0","0","0","0","0","0","0","0","0","0","0","0","0","0","0"
"658","7","658","0","Mana-Etched Regalia","","5","28193","27465","27907","28191","27796","0","0","0","0","0","0","0","0","0","0","0","0","0","0","0"
"659","7","659","0","Wastewalker Armor","","5","28264","27531","28224","27837","27797","0","0","0","0","0","0","0","0","0","0","0","0","0","0","0"
"660","7","660","0","Desolation Battlegear","","5","27936","28401","27528","28192","27713","0","0","0","0","0","0","0","0","0","0","0","0","0","0","0"
"661","7","661","0","Doomplate Battlegear","","5","28403","27497","28225","27870","27771","0","0","0","0","0","0","0","0","0","0","0","0","0","0","0"
"662","7","662","0","Hallowed Raiment","","5","28413","28230","27536","27775","27875","0","0","0","0","0","0","0","0","0","0","0","0","0","0","0"
"663","7","663","0","Incarnate Raiment","","5","29055","29049","29054","29050","29053","0","0","0","0","0","0","0","0","0","0","0","0","0","0","0"
"664","7","664","0","Incarnate Regalia","","5","29057","29059","29056","29058","29060","0","0","0","0","0","0","0","0","0","0","0","0","0","0","0"
"665","7","665","0","Avatar Raiment","","5","30153","30152","30151","30154","30150","0","0","0","0","0","0","0","0","0","0","0","0","0","0","0"
"666","7","666","0","Avatar Regalia","","5","30160","30161","30162","30159","30163","0","0","0","0","0","0","0","0","0","0","0","0","0","0","0"
"667","7","667","0","The Twin Stars","","2","31339","31338","0","0","0","0","0","0","0","0","0","0","0","0","0","0","0","0","0","0"
"668","7","668","0","Slayer's Armor","","8","31028","31026","31027","31029","31030","34575","34448","34558","0","0","0","0","0","0","0","0","0","0","0","0"
"669","7","669","0","Gronnstalker's Armor","","8","31004","31001","31003","31005","31006","34549","34443","34570","0","0","0","0","0","0","0","0","0","0","0","0"
"670","7","670","0","Malefic Raiment","","8","31050","31051","31053","31054","31052","34564","34436","34541","0","0","0","0","0","0","0","0","0","0","0","0"
"671","7","671","0","Tempest Regalia","","8","31056","31055","31058","31059","31057","34574","34447","34557","0","0","0","0","0","0","0","0","0","0","0","0"
"672","7","672","0","Onslaught Battlegear","","8","30972","30975","30969","30977","30979","34546","34441","34569","0","0","0","0","0","0","0","0","0","0","0","0"
"673","7","673","0","Onslaught Armor","","8","30976","30974","30970","30978","30980","34568","34442","34547","0","0","0","0","0","0","0","0","0","0","0","0"
"674","7","674","0","Absolution Regalia","","8","31061","31064","31067","31070","31065","34434","34528","34563","0","0","0","0","0","0","0","0","0","0","0","0"
"675","7","675","0","Vestments of Absolution","","8","31068","31063","31060","31069","31066","34562","34527","34435","0","0","0","0","0","0","0","0","0","0","0","0"
"676","7","676","0","Thunderheart Harness","","8","31042","31034","31039","31044","31048","34556","34444","34573","0","0","0","0","0","0","0","0","0","0","0","0"
"677","7","677","0","Thunderheart Regalia","","8","31043","31035","31040","31046","31049","34572","34446","34555","0","0","0","0","0","0","0","0","0","0","0","0"
"678","7","678","0","Thunderheart Raiment","","8","31041","31032","31037","31045","31047","34571","34445","34554","0","0","0","0","0","0","0","0","0","0","0","0"
"679","7","679","0","Lightbringer Armor","","8","30991","30987","30985","30995","30998","34488","34433","34560","0","0","0","0","0","0","0","0","0","0","0","0"
"680","7","680","0","Lightbringer Battlegear","","8","30990","30982","30993","30997","30989","34561","34431","34485","0","0","0","0","0","0","0","0","0","0","0","0"
"681","7","681","0","Lightbringer Raiment","","8","30992","30983","30988","30994","30996","34432","34487","34559","0","0","0","0","0","0","0","0","0","0","0","0"
"682","7","682","0","Skyshatter Harness","","8","31018","31011","31015","31021","31024","34567","34439","34545","0","0","0","0","0","0","0","0","0","0","0","0"
"683","7","683","0","Skyshatter Raiment","","8","31016","31007","31012","31019","31022","34543","34438","34565","0","0","0","0","0","0","0","0","0","0","0","0"
"684","7","684","0","Skyshatter Regalia","","8","31017","31008","31014","31020","31023","34542","34437","34566","0","0","0","0","0","0","0","0","0","0","0","0"
"685","7","685","0","Gladiator's Refuge","","5","31375","31376","31377","31378","31379","0","0","0","0","0","0","0","0","0","0","0","0","0","0","0"
"686","7","686","0","Gladiator's Wartide","","5","31396","31397","31400","31406","31407","0","0","0","0","0","0","0","0","0","0","0","0","0","0","0"
"687","7","687","0","Gladiator's Investiture","","5","31409","31410","31411","31412","31413","0","0","0","0","0","0","0","0","0","0","0","0","0","0","0"
"688","7","688","0","Grand Marshal's Refuge","","5","31589","31590","31591","31592","31593","0","0","0","0","0","0","0","0","0","0","0","0","0","0","0"
"689","7","689","0","High Warlord's Refuge","","5","31584","31585","31586","31587","31588","0","0","0","0","0","0","0","0","0","0","0","0","0","0","0"
"690","7","690","0","Gladiator's Redemption","","5","31613","31614","31616","31618","31619","0","0","0","0","0","0","0","0","0","0","0","0","0","0","0"
"691","7","691","0","Grand Marshal's Investiture","","5","31622","31623","31620","31624","31625","0","0","0","0","0","0","0","0","0","0","0","0","0","0","0"
"692","7","692","0","High Warlord's Investiture","","5","31626","31627","31621","31628","31629","0","0","0","0","0","0","0","0","0","0","0","0","0","0","0"
"693","7","693","0","Grand Marshal's Redemption","","5","31630","31631","31632","31633","31634","0","0","0","0","0","0","0","0","0","0","0","0","0","0","0"
"694","7","694","0","High Warlord's Redemption","","5","31635","31636","31637","31638","31639","0","0","0","0","0","0","0","0","0","0","0","0","0","0","0"
"695","7","695","0","Grand Marshal's Wartide","","5","31640","31641","31642","31643","31644","0","0","0","0","0","0","0","0","0","0","0","0","0","0","0"
"696","7","696","0","High Warlord's Wartide","","5","31646","31647","31648","31649","31650","0","0","0","0","0","0","0","0","0","0","0","0","0","0","0"
"697","7","697","0","Champion's Redoubt","","6","29600","29601","29602","29603","29604","29605","0","0","0","0","0","0","0","0","0","0","0","0","0","0"
"698","7","698","0","Warlord's Aegis","","6","29612","29613","29614","29615","29616","29617","0","0","0","0","0","0","0","0","0","0","0","0","0","0"
"699","7","699","0","The Twin Blades of Azzinoth","","2","32838","32837","0","0","0","0","0","0","0","0","0","0","0","0","0","0","0","0","0","0"
"717","7","717","0","Field Marshal's Earthshaker","","6","29608","29606","29611","29609","29607","29610","0","0","0","0","0","0","0","0","0","0","0","0","0","0"
"718","7","718","0","Lieutenant Commander's Earthshaker","","6","29599","29595","29597","29596","29598","29594","0","0","0","0","0","0","0","0","0","0","0","0","0","0"
"719","7","719","0","The Fists of Fury","","2","32946","32945","0","0","0","0","0","0","0","0","0","0","0","0","0","0","0","0","0","0"
"737","7","737","0","Latro's Flurry","","2","34703","28189","0","0","0","0","0","0","0","0","0","0","0","0","0","0","0","0","0","0"
"738","7","738","0","Dreadweave Battlegear","","5","35328","35329","35330","35331","35332","0","0","0","0","0","0","0","0","0","0","0","0","0","0","0"
"739","7","739","0","Mooncloth Battlegear","","5","35333","35334","35335","35336","35337","0","0","0","0","0","0","0","0","0","0","0","0","0","0","0"
"740","7","740","0","Satin Battlegear","","5","35338","35339","35340","35341","35342","0","0","0","0","0","0","0","0","0","0","0","0","0","0","0"
"741","7","741","0","Evoker's Silk Battlegear","","5","35343","35344","35345","35346","35347","0","0","0","0","0","0","0","0","0","0","0","0","0","0","0"
"742","7","742","0","Dragonhide Battlegear","","5","35356","35357","35358","35360","35359","0","0","0","0","0","0","0","0","0","0","0","0","0","0","0"
"743","7","743","0","Wyrmhide Battlegear","","5","35371","35372","35373","35375","35374","0","0","0","0","0","0","0","0","0","0","0","0","0","0","0"
"744","7","744","0","Kodohide Battlegear","","5","35361","35362","35363","35365","35364","0","0","0","0","0","0","0","0","0","0","0","0","0","0","0"
"745","7","745","0","Opportunist's Battlegear","","5","35366","35367","35368","35369","35370","0","0","0","0","0","0","0","0","0","0","0","0","0","0","0"
"746","7","746","0","Seer's Mail Battlegear","","5","35386","35387","35388","35389","35390","0","0","0","0","0","0","0","0","0","0","0","0","0","0","0"
"747","7","747","0","Seer's Ringmail Battlegear","","5","35391","35392","35393","35394","35395","0","0","0","0","0","0","0","0","0","0","0","0","0","0","0"
"748","7","748","0","Seer's Linked Battlegear","","5","35381","35382","35383","35384","35385","0","0","0","0","0","0","0","0","0","0","0","0","0","0","0"
"749","7","749","0","Stalker's Chain Battlegear","","5","35376","35377","35378","35379","35380","0","0","0","0","0","0","0","0","0","0","0","0","0","0","0"
"750","7","750","0","Savage Plate Battlegear","","5","35407","35408","35409","35410","35411","0","0","0","0","0","0","0","0","0","0","0","0","0","0","0"
"751","7","751","0","Crusader's Ornamented Battlegear","","5","35402","35403","35404","35405","35406","0","0","0","0","0","0","0","0","0","0","0","0","0","0","0"
"752","7","752","0","Crusader's Scaled Battlegear","","5","35412","35413","35414","35415","35416","0","0","0","0","0","0","0","0","0","0","0","0","0","0","0"
"754","7","754","0","Borean Embrace","","8","38405","38404","38400","38403","38401","38402","38437","38433","0","0","0","0","0","0","0","0","0","0","0","0"
"755","7","755","0","Nerubian Hive","","8","38418","38419","38420","38421","38422","38417","38439","38435","0","0","0","0","0","0","0","0","0","0","0","0"
"756","7","756","0","Frostscale Binding","","8","38412","38413","38414","38415","38416","38424","38436","38440","0","0","0","0","0","0","0","0","0","0","0","0"
"757","7","757","0","Iceborne Embrace","","8","38406","38407","38408","38409","38410","38411","38434","38438","0","0","0","0","0","0","0","0","0","0","0","0"
"759","7","759","0","Raine's Revenge","","2","37758","37821","0","0","0","0","0","0","0","0","0","0","0","0","0","0","0","0","0","0"
"760","7","760","0","Gladiator's Dreadplate","","5","40440","40441","40442","40443","40444","0","0","0","0","0","0","0","0","0","0","0","0","0","0","0"
"761","7","761","0","Winter Garb","","5","34087","21525","34085","21524","34086","0","0","0","0","0","0","0","0","0","0","0","0","0","0","0"
"762","7","762","0","Brewfest Garb","","8","33862","33863","33868","33966","33969","33967","33864","33968","0","0","0","0","0","0","0","0","0","0","0","0"
"763","7","763","0","Frostwoven Power","","8","41522","41520","44211","41521","41519","41515","41513","41512","0","0","0","0","0","0","0","0","0","0","0","0"
"764","7","764","0","Duskweaver","","8","41543","41544","41545","41546","41548","41549","41550","41551","0","0","0","0","0","0","0","0","0","0","0","0"
"765","7","765","0","Gladiator's Battlegear","","5","42625","42626","42627","42628","42629","0","0","0","0","0","0","0","0","0","0","0","0","0","0","0"
"766","7","766","0","Gladiator's Vindication","","5","42630","42631","42632","42633","42634","0","0","0","0","0","0","0","0","0","0","0","0","0","0","0"
"767","7","767","0","Gladiator's Redemption","","5","42635","42636","42637","42638","42639","0","0","0","0","0","0","0","0","0","0","0","0","0","0","0"
"768","7","768","0","Gladiator's Desecration","","5","42654","42655","42656","42657","42658","0","0","0","0","0","0","0","0","0","0","0","0","0","0","0"
"769","7","769","0","Gladiator's Thunderfist","","5","42659","42660","42661","42662","42663","0","0","0","0","0","0","0","0","0","0","0","0","0","0","0"
"770","7","770","0","Gladiator's Earthshaker","","5","42669","42670","42671","42672","42673","0","0","0","0","0","0","0","0","0","0","0","0","0","0","0"
"771","7","771","0","Gladiator's Wartide","","5","42664","42665","42666","42667","42668","0","0","0","0","0","0","0","0","0","0","0","0","0","0","0"
"772","7","772","0","Gladiator's Pursuit","","5","42674","42675","42676","42677","42678","0","0","0","0","0","0","0","0","0","0","0","0","0","0","0"
"773","7","773","0","Gladiator's Refuge","","5","42680","42681","42682","42683","42684","0","0","0","0","0","0","0","0","0","0","0","0","0","0","0"
"774","7","774","0","Gladiator's Wildhide","","5","42685","42686","42687","42688","42689","0","0","0","0","0","0","0","0","0","0","0","0","0","0","0"
"775","7","775","0","Gladiator's Sanctuary","","5","42690","42691","42692","42693","42694","0","0","0","0","0","0","0","0","0","0","0","0","0","0","0"
"776","7","776","0","Gladiator's Vestments","","5","42695","42696","42697","42698","42699","0","0","0","0","0","0","0","0","0","0","0","0","0","0","0"
"777","7","777","0","Gladiator's Investiture","","5","42703","42704","42705","42706","42707","0","0","0","0","0","0","0","0","0","0","0","0","0","0","0"
"778","7","778","0","Gladiator's Raiment","","5","42708","42709","42710","42711","42712","0","0","0","0","0","0","0","0","0","0","0","0","0","0","0"
"779","7","779","0","Gladiator's Regalia","","5","42713","42714","42715","42716","42717","0","0","0","0","0","0","0","0","0","0","0","0","0","0","0"
"780","7","780","0","Gladiator's Felshroud","","5","42718","42719","42720","42721","42722","0","0","0","0","0","0","0","0","0","0","0","0","0","0","0"
"781","7","781","0","Blessed Regalia of Undead Cleansing","","4","43073","43074","43075","43072","0","0","0","0","0","0","0","0","0","0","0","0","0","0","0","0"
"782","7","782","0","Undead Slayer's Blessed Armor","","4","43078","43077","43079","43076","0","0","0","0","0","0","0","0","0","0","0","0","0","0","0","0"
"783","7","783","0","Blessed Garb of the Undead Slayer","","4","43082","43081","43083","43080","0","0","0","0","0","0","0","0","0","0","0","0","0","0","0","0"
"784","7","784","0","Blessed Battlegear of Undead Slaying","","4","43070","43068","43071","43069","0","0","0","0","0","0","0","0","0","0","0","0","0","0","0","0"
"785","7","785","0","Midsummer Reveler","","3","23324","34685","34683","0","0","0","0","0","0","0","0","0","0","0","0","0","0","0","0","0"
"787","7","787","0","Dreadnaught Plate","","5","43740","43742","43743","43745","43747","0","0","0","0","0","0","0","0","0","0","0","0","0","0","0"
"788","7","788","0","Dreadnaught Battlegear","","5","43739","43744","43746","43741","43748","0","0","0","0","0","0","0","0","0","0","0","0","0","0","0"
"789","7","789","0","Redemption Battlegear","","5","43794","43796","43801","43803","43805","0","0","0","0","0","0","0","0","0","0","0","0","0","0","0"
"790","7","790","0","Redemption Regalia","","5","43797","43798","43800","43806","43807","0","0","0","0","0","0","0","0","0","0","0","0","0","0","0"
"791","7","791","0","Redemption Plate","","5","43793","43795","43799","43802","43804","0","0","0","0","0","0","0","0","0","0","0","0","0","0","0"
"792","7","792","0","Scourgeborne Battlegear","","5","43809","43813","43815","43817","43819","0","0","0","0","0","0","0","0","0","0","0","0","0","0","0"
"793","7","793","0","Scourgeborne Plate","","5","43811","43812","43814","43816","43818","0","0","0","0","0","0","0","0","0","0","0","0","0","0","0"
"794","7","794","0","Cryptstalker Battlegear","","5","43734","43735","43736","43737","43738","0","0","0","0","0","0","0","0","0","0","0","0","0","0","0"
"795","7","795","0","Earthshatter Battlegear","","5","43762","43763","43765","43772","43776","0","0","0","0","0","0","0","0","0","0","0","0","0","0","0"
"796","7","796","0","Earthshatter Garb","","5","43764","43767","43769","43770","43773","0","0","0","0","0","0","0","0","0","0","0","0","0","0","0"
"797","7","797","0","Earthshatter Regalia","","5","43766","43768","43771","43774","43775","0","0","0","0","0","0","0","0","0","0","0","0","0","0","0"
"798","7","798","0","Dreamwalker Battlegear","","5","43751","43753","43756","43822","43758","0","0","0","0","0","0","0","0","0","0","0","0","0","0","0"
"799","7","799","0","Dreamwalker Regalia","","5","43752","43754","43755","43759","43820","0","0","0","0","0","0","0","0","0","0","0","0","0","0","0"
"800","7","800","0","Dreamwalker Garb","","5","43749","43750","43757","43760","43761","0","0","0","0","0","0","0","0","0","0","0","0","0","0","0"
"801","7","801","0","Bonescythe Battlegear","","5","43727","43728","43729","43730","43731","0","0","0","0","0","0","0","0","0","0","0","0","0","0","0"
"802","7","802","0","Plagueheart Garb","","5","43787","43788","43789","43790","43791","0","0","0","0","0","0","0","0","0","0","0","0","0","0","0"
"803","7","803","0","Frostfire Garb","","5","43777","43778","43779","43780","43781","0","0","0","0","0","0","0","0","0","0","0","0","0","0","0"
"804","7","804","0","Regalia of Faith","","5","43733","43782","43784","43808","43810","0","0","0","0","0","0","0","0","0","0","0","0","0","0","0"
"805","7","805","0","Garb of Faith","","5","43732","43783","43785","43786","43792","0","0","0","0","0","0","0","0","0","0","0","0","0","0","0"
"812","7","812","0","Spring Tuxedo","","2","6835","6833","0","0","0","0","0","0","0","0","0","0","0","0","0","0","0","0","0","0"
"813","7","813","0","Eviscerator's Battlegear","","8","43435","43434","43260","43436","43438","43433","43439","43437","0","0","0","0","0","0","0","0","0","0","0","0"
"814","7","814","0","Ornate Saronite Battlegear","","8","42723","42724","42725","42726","42727","42728","42730","42729","0","0","0","0","0","0","0","0","0","0","0","0"
"815","7","815","0","Overcaster Battlegear","","8","43266","43273","43264","43263","43265","43261","43271","43262","0","0","0","0","0","0","0","0","0","0","0","0"
"816","7","816","0","Savage Saronite Battlegear","","8","41354","41349","41353","41347","41351","41350","41352","41348","0","0","0","0","0","0","0","0","0","0","0","0"
"817","7","817","0","Stormhide Battlegear","","8","43450","43455","43454","43453","43456","43457","43451","43452","0","0","0","0","0","0","0","0","0","0","0","0"
"818","7","818","0","Swiftarrow Battlegear","","8","43442","43443","43444","43446","43445","43447","43448","43449","0","0","0","0","0","0","0","0","0","0","0","0"
"819","7","819","0","Frostsavage Battlegear","","8","43969","43970","43974","43971","41516","43975","43972","43973","0","0","0","0","0","0","0","0","0","0","0","0"
"820","7","820","0","Aegis Battlegear","","5","46213","46216","46221","46224","46226","0","0","0","0","0","0","0","0","0","0","0","0","0","0","0"
"821","7","821","0","Aegis Plate","","5","46214","46215","46219","46222","46225","0","0","0","0","0","0","0","0","0","0","0","0","0","0","0"
"822","7","822","0","Aegis Regalia","","5","46217","46218","46220","46227","46228","0","0","0","0","0","0","0","0","0","0","0","0","0","0","0"
"823","7","823","0","Worldbreaker Battlegear","","5","46293","46294","46296","46303","46307","0","0","0","0","0","0","0","0","0","0","0","0","0","0","0"
"824","7","824","0","Worldbreaker Garb","","5","46295","46298","46300","46301","46304","0","0","0","0","0","0","0","0","0","0","0","0","0","0","0"
"825","7","825","0","Worldbreaker Regalia","","5","46297","46299","46302","46305","46306","0","0","0","0","0","0","0","0","0","0","0","0","0","0","0"
"826","7","826","0","Terrorblade Battlegear","","5","46288","46289","46290","46291","46292","0","0","0","0","0","0","0","0","0","0","0","0","0","0","0"
"827","7","827","0","Nightsong Battlegear","","5","46260","46262","46265","46267","46269","0","0","0","0","0","0","0","0","0","0","0","0","0","0","0"
"828","7","828","0","Nightsong Garb","","5","45350","46309","46266","46271","46272","0","0","0","0","0","0","0","0","0","0","0","0","0","0","0"
"829","7","829","0","Nightsong Regalia","","5","46261","46263","46264","46268","46270","0","0","0","0","0","0","0","0","0","0","0","0","0","0","0"
"830","7","830","0","Siegebreaker Battlegear","","5","46278","46280","46282","46285","46287","0","0","0","0","0","0","0","0","0","0","0","0","0","0","0"
"831","7","831","0","Siegebreaker Plate","","5","46279","46281","46283","46284","46286","0","0","0","0","0","0","0","0","0","0","0","0","0","0","0"
"832","7","832","0","Sanctification Garb","","5","46230","46248","46255","46256","46257","0","0","0","0","0","0","0","0","0","0","0","0","0","0","0"
"833","7","833","0","Sanctification Regalia","","5","46231","46247","46254","46258","46259","0","0","0","0","0","0","0","0","0","0","0","0","0","0","0"
"834","7","834","0","Darkruned Battlegear","","5","46232","46235","46237","46239","46241","0","0","0","0","0","0","0","0","0","0","0","0","0","0","0"
"835","7","835","0","Darkruned Plate","","5","46233","46234","46236","46238","46240","0","0","0","0","0","0","0","0","0","0","0","0","0","0","0"
"836","7","836","0","Kirin Tor Garb","","5","46249","46250","46251","46252","46253","0","0","0","0","0","0","0","0","0","0","0","0","0","0","0"
"837","7","837","0","Deathbringer Garb","","5","46242","46243","46244","46245","46246","0","0","0","0","0","0","0","0","0","0","0","0","0","0","0"
"838","7","838","0","Scourgestalker Battlegear","","5","46273","46274","46275","46276","46277","0","0","0","0","0","0","0","0","0","0","0","0","0","0","0"
"843","7","843","0","Khadgar's Regalia","","5","48725","48726","48727","48728","48729","0","0","0","0","0","0","0","0","0","0","0","0","0","0","0"
"844","7","844","0","Sunstrider's Regalia","","5","48730","48731","48732","48733","48734","0","0","0","0","0","0","0","0","0","0","0","0","0","0","0"
"845","7","845","0","Gul'dan's Regalia","","5","48735","48736","48737","48738","48739","0","0","0","0","0","0","0","0","0","0","0","0","0","0","0"
"846","7","846","0","Kel'Thuzad's Regalia","","5","48740","48741","48742","48743","48744","0","0","0","0","0","0","0","0","0","0","0","0","0","0","0"
"847","7","847","0","Velen's Raiment","","5","48745","48746","48747","48748","48749","0","0","0","0","0","0","0","0","0","0","0","0","0","0","0"
"848","7","848","0","Zabra's Raiment","","5","48750","48751","48752","48753","48754","0","0","0","0","0","0","0","0","0","0","0","0","0","0","0"
"849","7","849","0","Velen's Regalia","","5","48755","48756","48757","48758","48759","0","0","0","0","0","0","0","0","0","0","0","0","0","0","0"
"850","7","850","0","Zabra's Regalia","","5","48760","48761","48762","48763","48764","0","0","0","0","0","0","0","0","0","0","0","0","0","0","0"
"851","7","851","0","Malfurion's Garb","","5","48774","48775","48776","48777","48778","0","0","0","0","0","0","0","0","0","0","0","0","0","0","0"
"852","7","852","0","Runetotem's Garb","","5","48769","48770","48771","48772","48773","0","0","0","0","0","0","0","0","0","0","0","0","0","0","0"
"853","7","853","0","Malfurion's Regalia","","5","48786","48787","48788","48789","48790","0","0","0","0","0","0","0","0","0","0","0","0","0","0","0"
"854","7","854","0","Runetotem's Regalia","","5","48781","48782","48783","48784","48785","0","0","0","0","0","0","0","0","0","0","0","0","0","0","0"
"855","7","855","0","Malfurion's Battlegear","","5","48799","48800","48801","48802","48803","0","0","0","0","0","0","0","0","0","0","0","0","0","0","0"
"856","7","856","0","Runetotem's Battlegear","","5","48794","48795","48796","48797","48798","0","0","0","0","0","0","0","0","0","0","0","0","0","0","0"
"857","7","857","0","VanCleef's Battlegear","","5","48809","48810","48811","48812","48813","0","0","0","0","0","0","0","0","0","0","0","0","0","0","0"
"858","7","858","0","Garona's Battlegear","","5","48804","48805","48806","48807","48808","0","0","0","0","0","0","0","0","0","0","0","0","0","0","0"
"859","7","859","0","Windrunner's Battlegear","","5","48819","48820","48821","48822","48823","0","0","0","0","0","0","0","0","0","0","0","0","0","0","0"
"860","7","860","0","Windrunner's Pursuit","","5","48814","48815","48816","48817","48818","0","0","0","0","0","0","0","0","0","0","0","0","0","0","0"
"861","7","861","0","Nobundo's Garb","","5","48824","48825","48826","48827","48828","0","0","0","0","0","0","0","0","0","0","0","0","0","0","0"
"862","7","862","0","Thrall's Garb","","5","48829","48830","48831","48832","48833","0","0","0","0","0","0","0","0","0","0","0","0","0","0","0"
"863","7","863","0","Thrall's Regalia","","5","48841","48842","48843","48844","48845","0","0","0","0","0","0","0","0","0","0","0","0","0","0","0"
"864","7","864","0","Nobundo's Regalia","","5","48836","48837","48838","48839","48840","0","0","0","0","0","0","0","0","0","0","0","0","0","0","0"
"865","7","865","0","Nobundo's Battlegear","","5","48846","48847","48848","48849","48850","0","0","0","0","0","0","0","0","0","0","0","0","0","0","0"
"866","7","866","0","Thrall's Battlegear","","5","48854","48855","48852","48853","48851","0","0","0","0","0","0","0","0","0","0","0","0","0","0","0"
"867","7","867","0","Wrynn's Battlegear","","5","48865","48866","48867","48868","48869","0","0","0","0","0","0","0","0","0","0","0","0","0","0","0"
"868","7","868","0","Hellscream's Battlegear","","5","48860","48861","48862","48863","48864","0","0","0","0","0","0","0","0","0","0","0","0","0","0","0"
"869","7","869","0","Wrynn's Plate","","5","48875","48876","48877","48878","48879","0","0","0","0","0","0","0","0","0","0","0","0","0","0","0"
"870","7","870","0","Hellscream's Plate","","5","48870","48871","48872","48873","48874","0","0","0","0","0","0","0","0","0","0","0","0","0","0","0"
"871","7","871","0","Thassarian's Battlegear","","5","48885","48886","48887","48888","48889","0","0","0","0","0","0","0","0","0","0","0","0","0","0","0"
"872","7","872","0","Koltira's Battlegear","","5","48880","48881","48882","48883","48884","0","0","0","0","0","0","0","0","0","0","0","0","0","0","0"
"873","7","873","0","Thassarian's Plate","","5","48895","48896","48897","48898","48899","0","0","0","0","0","0","0","0","0","0","0","0","0","0","0"
"874","7","874","0","Koltira's Plate","","5","48890","48891","48892","48893","48894","0","0","0","0","0","0","0","0","0","0","0","0","0","0","0"
"875","7","875","0","Turalyon's Garb","","5","48904","48903","48902","48901","48900","0","0","0","0","0","0","0","0","0","0","0","0","0","0","0"
"876","7","876","0","Liadrin's Garb","","5","48909","48908","48907","48906","48905","0","0","0","0","0","0","0","0","0","0","0","0","0","0","0"
"877","7","877","0","Turalyon's Battlegear","","5","48915","48916","48917","48918","48919","0","0","0","0","0","0","0","0","0","0","0","0","0","0","0"
"878","7","878","0","Liadrin's Battlegear","","5","48910","48911","48912","48913","48914","0","0","0","0","0","0","0","0","0","0","0","0","0","0","0"
"879","7","879","0","Turalyon's Plate","","5","48927","48928","48929","48930","48931","0","0","0","0","0","0","0","0","0","0","0","0","0","0","0"
"880","7","880","0","Liadrin's Plate","","5","48922","48923","48924","48925","48926","0","0","0","0","0","0","0","0","0","0","0","0","0","0","0"
"881","7","881","0","Purified Shard of the Gods","","2","49310","49463","0","0","0","0","0","0","0","0","0","0","0","0","0","0","0","0","0","0"
"882","7","882","0","Shiny Shard of the Gods","","2","49488","49464","0","0","0","0","0","0","0","0","0","0","0","0","0","0","0","0","0","0"
"883","7","883","0","Bloodmage's Regalia","","5","51716","51715","51714","51713","51712","0","0","0","0","0","0","0","0","0","0","0","0","0","0","0"
"884","7","884","0","Dark Coven's Regalia","","5","51766","51765","51764","51763","51762","0","0","0","0","0","0","0","0","0","0","0","0","0","0","0"
"885","7","885","0","Crimson Acolyte's Raiment","","5","51732","51733","51734","51735","51736","0","0","0","0","0","0","0","0","0","0","0","0","0","0","0"
"886","7","886","0","Crimson Acolyte's Regalia","","5","51741","51740","51739","51738","51737","0","0","0","0","0","0","0","0","0","0","0","0","0","0","0"
"887","7","887","0","Lasherweave Garb","","5","51696","51695","51694","51693","51692","0","0","0","0","0","0","0","0","0","0","0","0","0","0","0"
"888","7","888","0","Lasherweave Regalia","","5","51706","51705","51704","51703","51702","0","0","0","0","0","0","0","0","0","0","0","0","0","0","0"
"889","7","889","0","Lasherweave Battlegear","","5","51701","51700","51699","51698","51697","0","0","0","0","0","0","0","0","0","0","0","0","0","0","0"
"890","7","890","0","Shadowblade's Battlegear","","5","51746","51745","51744","51743","51742","0","0","0","0","0","0","0","0","0","0","0","0","0","0","0"
"891","7","891","0","Ahn'Kahar Blood Hunter's Battlegear","","5","51711","51710","51709","51708","51707","0","0","0","0","0","0","0","0","0","0","0","0","0","0","0"
"892","7","892","0","Frost Witch's Garb","","5","51747","51748","51749","51750","51751","0","0","0","0","0","0","0","0","0","0","0","0","0","0","0"
"893","7","893","0","Frost Witch's Regalia","","5","51757","51758","51759","51760","51761","0","0","0","0","0","0","0","0","0","0","0","0","0","0","0"
"894","7","894","0","Frost Witch's Battlegear","","5","51752","51753","51754","51755","51756","0","0","0","0","0","0","0","0","0","0","0","0","0","0","0"
"895","7","895","0","Ymirjar Lord's Battlegear","","5","51771","51770","51769","51768","51767","0","0","0","0","0","0","0","0","0","0","0","0","0","0","0"
"896","7","896","0","Ymirjar Lord's Plate","","5","51776","51775","51774","51773","51772","0","0","0","0","0","0","0","0","0","0","0","0","0","0","0"
"897","7","897","0","Scourgelord's Battlegear","","5","51686","51685","51684","51683","51682","0","0","0","0","0","0","0","0","0","0","0","0","0","0","0"
"898","7","898","0","Scourgelord's Plate","","5","51691","51690","51689","51688","51687","0","0","0","0","0","0","0","0","0","0","0","0","0","0","0"
"899","7","899","0","Lightsworn Garb","","5","51726","51725","51724","51723","51722","0","0","0","0","0","0","0","0","0","0","0","0","0","0","0"
"900","7","900","0","Lightsworn Battlegear","","5","51721","51720","51719","51718","51717","0","0","0","0","0","0","0","0","0","0","0","0","0","0","0"
"901","7","901","0","Lightsworn Plate","","5","51731","51730","51729","51728","51727","0","0","0","0","0","0","0","0","0","0","0","0","0","0","0"
