"ID","MapID","Difficulty","Message_Lang_enUS","Message_Lang_enGB","Message_Lang_koKR","Message_Lang_frFR","Message_Lang_deDE","Message_Lang_enCN","Message_Lang_zhCN","Message_Lang_enTW","Message_Lang_zhTW","Message_Lang_esES","Message_Lang_esMX","Message_Lang_ruRU","Message_Lang_ptPT","Message_Lang_ptBR","Message_Lang_itIT","Message_Lang_Unk","Message_Lang_Mask","RaidDuration","MaxPlayers","Difficultystring"
"1","0","0","","","","","","","","","","","","","","","","","16712188","0","0",""
"2","1","0","","","","","","","","","","","","","","","","","16712188","0","0",""
"3","13","0","","","","","","","","","","","","","","","","","16712188","0","0",""
"4","25","0","","","","","","","","","","","","","","","","","16712188","0","0",""
"5","29","0","","","","","","","","","","","","","","","","","16712188","0","10",""
"6","30","0","","","","","","","","","","","","","","","","","16712188","0","0",""
"126","30","1","","","","","","","","","","","","","","","","","16712188","0","0",""
"163","30","2","","","","","","","","","","","","","","","","","16712188","0","0",""
"522","30","3","","","","","","","","","","","","","","","","","16712188","0","0",""
"7","33","0","","","","","","","","","","","","","","","","","16712188","0","5",""
"8","34","0","","","","","","","","","","","","","","","","","16712188","0","5",""
"9","35","0","","","","","","","","","","","","","","","","","16712188","0","0",""
"10","36","0","","","","","","","","","","","","","","","","","16712188","0","5",""
"11","37","0","","","","","","","","","","","","","","","","","16712188","0","0",""
"12","42","0","","","","","","","","","","","","","","","","","16712188","0","0",""
"13","43","0","","","","","","","","","","","","","","","","","16712188","0","5",""
"14","44","0","","","","","","","","","","","","","","","","","16712188","0","10",""
"15","47","0","","","","","","","","","","","","","","","","","16712188","0","5",""
"16","48","0","","","","","","","","","","","","","","","","","16712188","0","5",""
"17","70","0","","","","","","","","","","","","","","","","","16712188","0","5",""
"18","90","0","","","","","","","","","","","","","","","","","16712188","0","5",""
"19","109","0","","","","","","","","","","","","","","","","","16712188","0","5",""
"20","129","0","","","","","","","","","","","","","","","","","16712188","0","5",""
"21","169","0","","","","","","","","","","","","","","","","","16712188","0","40","RAID_DIFFICULTY_40PLAYER"
"22","189","0","","","","","","","","","","","","","","","","","16712188","0","5",""
"23","209","0","","","","","","","","","","","","","","","","","16712188","0","5",""
"24","229","0","","","","","","","","","","","","","","","","","16712188","0","15",""
"25","230","0","","","","","","","","","","","","","","","","","16712188","0","5",""
"26","249","0","You must be level 80 and in a raid group to enter.","You must be level 80 and in a raid group to enter.","Vous devez être de niveau 80 et faire partie d'un groupe de raid pour entrer.","Ihr müsst Stufe 80 erreicht haben und einem Schlachtzug angehören, um eintreten zu können.","","","Para entrar, debes tener al menos nivel 80 y pertenecer a un grupo de banda.","Para entrar, debes tener al menos nivel 80 y pertenecer a un grupo de banda.","Чтобы войти, вы должны достичь 80-го уровня и находиться в составе рейда.","","","","","","","","16712190","604800","10","RAID_DIFFICULTY_10PLAYER"
"323","249","1","You must be level 80 and in a raid group to enter.","You must be level 80 and in a raid group to enter.","Vous devez être de niveau 80 et faire partie d'un groupe de raid pour entrer.","Ihr müsst Stufe 80 erreicht haben und einem Schlachtzug angehören, um eintreten zu können.","","","Para entrar, debes tener al menos nivel 80 y pertenecer a un grupo de banda.","Para entrar, debes tener al menos nivel 80 y pertenecer a un grupo de banda.","Чтобы войти, вы должны достичь 80-го уровня и находиться в составе рейда.","","","","","","","","16712190","604800","25","RAID_DIFFICULTY_25PLAYER"
"27","269","0","","","","","","","","","","","","","","","","","16712188","0","5","DUNGEON_DIFFICULTY_5PLAYER"
"127","269","1","Heroic Difficulty requires the Key of Time.","Heroic Difficulty requires the Key of Time.","Le mode Héroïque requiert la clé du Temps.","Der Schwierigkeitsgrad 'Heroisch' benötigt den Schlüssel der Zeit.","","","El nivel de dificultad Heroico requiere la llave del tiempo.","El nivel de dificultad Heroico requiere la llave del tiempo.","Для героической сложности требуется ключ Времени.","","","","","","","","16712190","86400","5","DUNGEON_DIFFICULTY_5PLAYER_HEROIC"
"28","289","0","","","","","","","","","","","","","","","","","16712188","0","5",""
"29","309","0","","","","","","","","","","","","","","","","","16712188","259200","20","RAID_DIFFICULTY_20PLAYER"
"30","329","0","","","","","","","","","","","","","","","","","16712188","0","5",""
"31","349","0","","","","","","","","","","","","","","","","","16712188","0","5",""
"32","369","0","","","","","","","","","","","","","","","","","16712188","0","0",""
"33","389","0","","","","","","","","","","","","","","","","","16712188","0","5",""
"34","409","0","","","","","","","","","","","","","","","","","16712188","604800","40","RAID_DIFFICULTY_40PLAYER"
"35","429","0","","","","","","","","","","","","","","","","","16712188","0","5",""
"36","449","0","","","","","","","","","","","","","","","","","16712188","0","0",""
"37","450","0","","","","","","","","","","","","","","","","","16712188","0","0",""
"38","451","0","","","","","","","","","","","","","","","","","16712188","0","0",""
"39","469","0","","","","","","","","","","","","","","","","","16712188","604800","40","RAID_DIFFICULTY_40PLAYER"
"40","489","0","","","","","","","","","","","","","","","","","16712188","0","0",""
"41","509","0","","","","","","","","","","","","","","","","","16712188","259200","20","RAID_DIFFICULTY_20PLAYER"
"42","529","0","","","","","","","","","","","","","","","","","16712188","0","0",""
"43","530","0","","","","","","","","","","","","","","","","","16712188","0","0",""
"44","531","0","","","","","","","","","","","","","","","","","16712188","604800","40","RAID_DIFFICULTY_40PLAYER"
"45","532","0","","","","","","","","","","","","","","","","","16712188","604800","10","RAID_DIFFICULTY_10PLAYER"
"46","533","0","You must be level 80 and in a raid group to enter.","You must be level 80 and in a raid group to enter.","Vous devez être de niveau 80 et faire partie d'un groupe de raid pour entrer.","Ihr müsst Stufe 80 erreicht haben und einem Schlachtzug angehören, um eintreten zu können.","","","Para entrar, debes tener al menos nivel 80 y pertenecer a un grupo de banda.","Para entrar, debes tener al menos nivel 80 y pertenecer a un grupo de banda.","Чтобы войти, вы должны достичь 80-го уровня и находиться в составе рейда.","","","","","","","","16712190","604800","10","RAID_DIFFICULTY_10PLAYER"
"128","533","1","You must be level 80 and in a raid group to enter.","You must be level 80 and in a raid group to enter.","Vous devez être de niveau 80 et faire partie d'un groupe de raid pour entrer.","Ihr müsst Stufe 80 erreicht haben und einem Schlachtzug angehören, um eintreten zu können.","","","Para entrar, debes tener al menos nivel 80 y pertenecer a un grupo de banda.","Para entrar, debes tener al menos nivel 80 y pertenecer a un grupo de banda.","Чтобы войти, вы должны достичь 80-го уровня и находиться в составе рейда.","","","","","","","","16712190","604800","25","RAID_DIFFICULTY_25PLAYER"
"47","534","0","","","","","","","","","","","","","","","","","16712188","604800","25","RAID_DIFFICULTY_25PLAYER"
"48","540","0","","","","","","","","","","","","","","","","","16712188","0","5","DUNGEON_DIFFICULTY_5PLAYER"
"129","540","1","Heroic Difficulty requires the Flamewrought Key.","Heroic Difficulty requires the Flamewrought Key.","Le mode Héroïque requiert la clé en flammes forgées.","Der Schwierigkeitsgrad 'Heroisch' benötigt den flammengeschmiedeten Schlüssel.","","","El nivel de dificultad Heroico requiere la llave de Forjallamas.","El nivel de dificultad Heroico requiere la llave de Forjallamas.","Для героической сложности требуется ключ, выкованный в пламени.","","","","","","","","16712190","86400","5","DUNGEON_DIFFICULTY_5PLAYER_HEROIC"
"49","542","0","","","","","","","","","","","","","","","","","16712188","0","5","DUNGEON_DIFFICULTY_5PLAYER"
"130","542","1","Heroic Difficulty requires the Flamewrought Key.","Heroic Difficulty requires the Flamewrought Key.","Le mode Héroïque requiert la clé en flammes forgées.","Der Schwierigkeitsgrad 'Heroisch' benötigt den flammengeschmiedeten Schlüssel.","","","El nivel de dificultad Heroico requiere la llave de Forjallamas.","El nivel de dificultad Heroico requiere la llave de Forjallamas.","Для героической сложности требуется ключ, выкованный в пламени.","","","","","","","","16712190","86400","5","DUNGEON_DIFFICULTY_5PLAYER_HEROIC"
"50","543","0","","","","","","","","","","","","","","","","","16712188","0","5","DUNGEON_DIFFICULTY_5PLAYER"
"131","543","1","Heroic Difficulty requires the Flamewrought Key.","Heroic Difficulty requires the Flamewrought Key.","Le mode Héroïque requiert la clé en flammes forgées.","Der Schwierigkeitsgrad 'Heroisch' benötigt den flammengeschmiedeten Schlüssel.","","","El nivel de dificultad Heroico requiere la llave de Forjallamas.","El nivel de dificultad Heroico requiere la llave de Forjallamas.","Для героической сложности требуется ключ, выкованный в пламени.","","","","","","","","16712190","86400","5","DUNGEON_DIFFICULTY_5PLAYER_HEROIC"
"51","544","0","","","","","","","","","","","","","","","","","16712188","604800","25","RAID_DIFFICULTY_25PLAYER"
"52","545","0","","","","","","","","","","","","","","","","","16712188","0","5","DUNGEON_DIFFICULTY_5PLAYER"
"132","545","1","Heroic Difficulty requires the Reservoir Key.","Heroic Difficulty requires the Reservoir Key.","Le mode Héroïque requiert la clé du réservoir.","Der Schwierigkeitsgrad 'Heroisch' benötigt den Schlüssel des Kessels.","","","El nivel de dificultad Heroico requiere la llave de la reserva.","El nivel de dificultad Heroico requiere la llave de la reserva.","Для героической сложности требуется ключ Сокровищницы.","","","","","","","","16712190","86400","5","DUNGEON_DIFFICULTY_5PLAYER_HEROIC"
"53","546","0","","","","","","","","","","","","","","","","","16712188","0","5","DUNGEON_DIFFICULTY_5PLAYER"
"133","546","1","Heroic Difficulty requires the Reservoir Key.","Heroic Difficulty requires the Reservoir Key.","Le mode Héroïque requiert la clé du réservoir.","Der Schwierigkeitsgrad 'Heroisch' benötigt den Schlüssel des Kessels.","","","El nivel de dificultad Heroico requiere la llave de la reserva.","El nivel de dificultad Heroico requiere la llave de la reserva.","Для героической сложности требуется ключ Сокровищницы.","","","","","","","","16712190","86400","5","DUNGEON_DIFFICULTY_5PLAYER_HEROIC"
"54","547","0","","","","","","","","","","","","","","","","","16712188","0","5","DUNGEON_DIFFICULTY_5PLAYER"
"134","547","1","Heroic Difficulty requires the Reservoir Key.","Heroic Difficulty requires the Reservoir Key.","Le mode Héroïque requiert la clé du réservoir.","Der Schwierigkeitsgrad 'Heroisch' benötigt den Schlüssel des Kessels.","","","El nivel de dificultad Heroico requiere la llave de la reserva.","El nivel de dificultad Heroico requiere la llave de la reserva.","Для героической сложности требуется ключ Сокровищницы.","","","","","","","","16712190","86400","5","DUNGEON_DIFFICULTY_5PLAYER_HEROIC"
"55","548","0","","","","","","","","","","","","","","","","","16712188","604800","25","RAID_DIFFICULTY_25PLAYER"
"56","550","0","","","","","","","","","","","","","","","","","16712188","604800","25","RAID_DIFFICULTY_25PLAYER"
"57","552","0","","","","","","","","","","","","","","","","","16712188","0","5","DUNGEON_DIFFICULTY_5PLAYER"
"135","552","1","Heroic Difficulty requires the Warpforged Key.","Heroic Difficulty requires the Warpforged Key.","Le mode Héroïque requiert la clé dimensionnelle.","Der Schwierigkeitsgrad 'Heroisch' benötigt den warpgeschmiedeten Schlüssel.","","","El nivel de dificultad Heroico requiere llave forjada de distorsión.","El nivel de dificultad Heroico requiere llave forjada de distorsión.","Для героической сложности требуется деформированный ключ.","","","","","","","","16712190","86400","5","DUNGEON_DIFFICULTY_5PLAYER_HEROIC"
"58","553","0","","","","","","","","","","","","","","","","","16712188","0","5","DUNGEON_DIFFICULTY_5PLAYER"
"136","553","1","Heroic Difficulty requires the Warpforged Key.","Heroic Difficulty requires the Warpforged Key.","Le mode Héroïque requiert la clé dimensionnelle.","Der Schwierigkeitsgrad 'Heroisch' benötigt den warpgeschmiedeten Schlüssel.","","","El nivel de dificultad Heroico requiere llave forjada de distorsión.","El nivel de dificultad Heroico requiere llave forjada de distorsión.","Для героической сложности требуется деформированный ключ.","","","","","","","","16712190","86400","0","DUNGEON_DIFFICULTY_5PLAYER_HEROIC"
"59","554","0","","","","","","","","","","","","","","","","","16712188","0","5","DUNGEON_DIFFICULTY_5PLAYER"
"137","554","1","Heroic Difficulty requires the Warpforged Key.","Heroic Difficulty requires the Warpforged Key.","Le mode Héroïque requiert la clé dimensionnelle.","Der Schwierigkeitsgrad 'Heroisch' benötigt den warpgeschmiedeten Schlüssel.","","","El nivel de dificultad Heroico requiere llave forjada de distorsión.","El nivel de dificultad Heroico requiere llave forjada de distorsión.","Для героической сложности требуется деформированный ключ.","","","","","","","","16712190","86400","0","DUNGEON_DIFFICULTY_5PLAYER_HEROIC"
"60","555","0","","","","","","","","","","","","","","","","","16712188","0","5","DUNGEON_DIFFICULTY_5PLAYER"
"138","555","1","Heroic Difficulty requires the Auchenai Key.","Heroic Difficulty requires the Auchenai Key.","Le mode Héroïque requiert la clé Auchenaï.","Der Schwierigkeitsgrad 'Heroisch' benötigt den Schlüssel der Auchenai.","","","El nivel de dificultad Heroico requiere la llave Auchenai.","El nivel de dificultad Heroico requiere la llave Auchenai.","Для героической сложности требуется Аукенайский ключ.","","","","","","","","16712190","86400","5","DUNGEON_DIFFICULTY_5PLAYER_HEROIC"
"61","556","0","","","","","","","","","","","","","","","","","16712188","0","5","DUNGEON_DIFFICULTY_5PLAYER"
"139","556","1","Heroic Difficulty requires the Auchenai Key.","Heroic Difficulty requires the Auchenai Key.","Le mode Héroïque requiert la clé Auchenaï.","Der Schwierigkeitsgrad 'Heroisch' benötigt den Schlüssel der Auchenai.","","","El nivel de dificultad Heroico requiere la llave Auchenai.","El nivel de dificultad Heroico requiere la llave Auchenai.","Для героической сложности требуется Аукенайский ключ.","","","","","","","","16712190","86400","5","DUNGEON_DIFFICULTY_5PLAYER_HEROIC"
"62","557","0","","","","","","","","","","","","","","","","","16712188","0","5","DUNGEON_DIFFICULTY_5PLAYER"
"140","557","1","Heroic Difficulty requires the Auchenai Key.","Heroic Difficulty requires the Auchenai Key.","Le mode Héroïque requiert la clé Auchenaï.","Der Schwierigkeitsgrad 'Heroisch' benötigt den Schlüssel der Auchenai.","","","El nivel de dificultad Heroico requiere la llave Auchenai.","El nivel de dificultad Heroico requiere la llave Auchenai.","Для героической сложности требуется Аукенайский ключ.","","","","","","","","16712190","86400","5","DUNGEON_DIFFICULTY_5PLAYER_HEROIC"
"63","558","0","","","","","","","","","","","","","","","","","16712188","0","5","DUNGEON_DIFFICULTY_5PLAYER"
"141","558","1","Heroic Difficulty requires the Auchenai Key.","Heroic Difficulty requires the Auchenai Key.","Le mode Héroïque requiert la clé Auchenaï.","Der Schwierigkeitsgrad 'Heroisch' benötigt den Schlüssel der Auchenai.","","","El nivel de dificultad Heroico requiere la llave Auchenai.","El nivel de dificultad Heroico requiere la llave Auchenai.","Для героической сложности требуется Аукенайский ключ.","","","","","","","","16712190","86400","5","DUNGEON_DIFFICULTY_5PLAYER_HEROIC"
"64","559","0","","","","","","","","","","","","","","","","","16712188","0","0",""
"65","560","0","","","","","","","","","","","","","","","","","16712188","0","5","DUNGEON_DIFFICULTY_5PLAYER"
"142","560","1","Heroic Difficulty requires the Key of Time.","Heroic Difficulty requires the Key of Time.","Le mode Héroïque requiert la clé du Temps.","Der Schwierigkeitsgrad 'Heroisch' benötigt den Schlüssel der Zeit.","","","El nivel de dificultad Heroico requiere la llave del tiempo.","El nivel de dificultad Heroico requiere la llave del tiempo.","Для героической сложности требуется ключ Времени.","","","","","","","","16712190","86400","5","DUNGEON_DIFFICULTY_5PLAYER_HEROIC"
"66","562","0","","","","","","","","","","","","","","","","","16712188","0","0",""
"67","564","0","","","","","","","","","","","","","","","","","16712188","604800","25","RAID_DIFFICULTY_25PLAYER"
"68","565","0","","","","","","","","","","","","","","","","","16712188","604800","25","RAID_DIFFICULTY_25PLAYER"
"69","566","0","","","","","","","","","","","","","","","","","16712188","0","0",""
"70","568","0","","","","","","","","","","","","","","","","","16712188","259200","10","RAID_DIFFICULTY_10PLAYER"
"71","571","0","","","","","","","","","","","","","","","","","16712188","0","0",""
"72","572","0","","","","","","","","","","","","","","","","","16712188","0","0",""
"73","573","0","","","","","","","","","","","","","","","","","16712188","0","0",""
"74","574","0","You must be at least level 65 to enter.","You must be at least level 65 to enter.","Vous devez être au moins de niveau 65 pour entrer.","Ihr müsst mindestens Stufe 65 erreicht haben, um eintreten zu können.","","","Para entrar, debes tener al menos nivel 65.","Para entrar, debes tener al menos nivel 65.","Чтобы войти, вы должны быть не ниже 65-го уровня.","","","","","","","","16712190","0","5","DUNGEON_DIFFICULTY_5PLAYER"
"143","574","1","Heroic Difficulty requires you to be level 80.","Heroic Difficulty requires you to be level 80.","Vous devez être de niveau 80 pour accéder au mode héroïque.","Ihr müsst Stufe 80 erreicht haben, um den Schwierigkeitsgrad 'Heroisch' spielen zu können.","","","Para acceder al nivel de dificultad Heroico, debes tener nivel 80.","Para acceder al nivel de dificultad Heroico, debes tener nivel 80.","Для героической сложности требуется 80-й уровень.","","","","","","","","16712190","86400","5","DUNGEON_DIFFICULTY_5PLAYER_HEROIC"
"75","575","0","","","","","","","","","","","","","","","","","16712188","0","5","DUNGEON_DIFFICULTY_5PLAYER"
"144","575","1","Heroic Difficulty requires you to be level 80.","Heroic Difficulty requires you to be level 80.","Vous devez être de niveau 80 pour accéder au mode héroïque.","Ihr müsst Stufe 80 erreicht haben, um den Schwierigkeitsgrad 'Heroisch' spielen zu können.","","","Para acceder al nivel de dificultad Heroico, debes tener nivel 80.","Para acceder al nivel de dificultad Heroico, debes tener nivel 80.","Для героической сложности требуется 80-й уровень.","","","","","","","","16712190","86400","5","DUNGEON_DIFFICULTY_5PLAYER_HEROIC"
"76","576","0","You must be at least level 66 to enter.","You must be at least level 66 to enter.","Vous devez être au moins de niveau 66 pour entrer.","Ihr müsst mindestens Stufe 66 erreicht haben, um eintreten zu können.","","","Para entrar, debes tener al menos nivel 66.","Para entrar, debes tener al menos nivel 66.","Чтобы войти, вы должны быть не ниже 66-го уровня.","","","","","","","","16712190","0","5","DUNGEON_DIFFICULTY_5PLAYER"
"145","576","1","Heroic Difficulty requires you to be level 80.","Heroic Difficulty requires you to be level 80.","Vous devez être de niveau 80 pour accéder au mode héroïque.","Ihr müsst Stufe 80 erreicht haben, um den Schwierigkeitsgrad 'Heroisch' spielen zu können.","","","Para acceder al nivel de dificultad Heroico, debes tener nivel 80.","Para acceder al nivel de dificultad Heroico, debes tener nivel 80.","Для героической сложности требуется 80-й уровень.","","","","","","","","16712190","86400","5","DUNGEON_DIFFICULTY_5PLAYER_HEROIC"
"77","578","0","You must be at least level 75 to enter.","You must be at least level 75 to enter.","Vous devez être au moins de niveau 75 pour entrer.","Ihr müsst mindestens Stufe 75 erreicht haben, um eintreten zu können.","","","Para entrar, debes tener al menos nivel 75.","Para entrar, debes tener al menos nivel 75.","Чтобы войти, вы должны быть не ниже 75-го уровня.","","","","","","","","16712190","0","5","DUNGEON_DIFFICULTY_5PLAYER"
"146","578","1","Heroic Difficulty requires you to be level 80.","Heroic Difficulty requires you to be level 80.","Vous devez être de niveau 80 pour accéder au mode héroïque.","Ihr müsst Stufe 80 erreicht haben, um den Schwierigkeitsgrad 'Heroisch' spielen zu können.","","","Para acceder al nivel de dificultad Heroico, debes tener nivel 80.","Para acceder al nivel de dificultad Heroico, debes tener nivel 80.","Для героической сложности требуется 80-й уровень.","","","","","","","","16712190","86400","5","DUNGEON_DIFFICULTY_5PLAYER_HEROIC"
"78","580","0","","","","","","","","","","","","","","","","","16712188","604800","25","RAID_DIFFICULTY_25PLAYER"
"79","582","0","","","","","","","","","","","","","","","","","16712188","0","0",""
"80","584","0","","","","","","","","","","","","","","","","","16712188","0","0",""
"81","585","0","","","","","","","","","","","","","","","","","16712188","0","5","DUNGEON_DIFFICULTY_5PLAYER"
"147","585","1","Heroic Difficulty requires completion of the ""Hard to Kill"" quest.","Heroic Difficulty requires completion of the ""Hard to Kill"" quest.","Le mode Héroïque requiert d'avoir terminé la quête « L'increvable ».","Der Schwierigkeitsgrad 'Heroisch' benötigt den Abschluss der Quest ""Nicht totzukriegen"".","","","La dificultad heroica requiere que completes la misión ""Duro de matar"".","La dificultad heroica requiere que completes la misión ""Duro de matar"".","Для героической сложности требуется выполнить задание""Страшный противник"".","","","","","","","","16712190","86400","5","DUNGEON_DIFFICULTY_5PLAYER_HEROIC"
"82","586","0","","","","","","","","","","","","","","","","","16712188","0","0",""
"83","587","0","","","","","","","","","","","","","","","","","16712188","0","0",""
"84","588","0","","","","","","","","","","","","","","","","","16712188","0","0",""
"85","589","0","","","","","","","","","","","","","","","","","16712188","0","0",""
"86","590","0","","","","","","","","","","","","","","","","","16712188","0","0",""
"87","591","0","","","","","","","","","","","","","","","","","16712188","0","0",""
"88","592","0","","","","","","","","","","","","","","","","","16712188","0","0",""
"89","593","0","","","","","","","","","","","","","","","","","16712188","0","0",""
"90","594","0","","","","","","","","","","","","","","","","","16712188","0","0",""
"91","595","0","You must be at least level 75 to enter.","You must be at least level 75 to enter.","Vous devez être au moins de niveau 75 pour entrer.","Ihr müsst mindestens Stufe 75 erreicht haben, um eintreten zu können.","","","Para entrar, debes tener al menos nivel 75.","Para entrar, debes tener al menos nivel 75.","Чтобы войти, вы должны быть не ниже 75-го уровня.","","","","","","","","16712190","0","5","DUNGEON_DIFFICULTY_5PLAYER"
"148","595","1","Heroic Difficulty requires you to be level 80.","Heroic Difficulty requires you to be level 80.","Vous devez être de niveau 80 pour accéder au mode héroïque.","Ihr müsst Stufe 80 erreicht haben, um den Schwierigkeitsgrad 'Heroisch' spielen zu können.","","","Para acceder al nivel de dificultad Heroico, debes tener nivel 80.","Para acceder al nivel de dificultad Heroico, debes tener nivel 80.","Для героической сложности требуется 80-й уровень.","","","","","","","","16712190","86400","5","DUNGEON_DIFFICULTY_5PLAYER_HEROIC"
"92","596","0","","","","","","","","","","","","","","","","","16712188","0","0",""
"93","597","0","","","","","","","","","","","","","","","","","16712188","0","0",""
"94","598","0","","","","","","","","","","","","","","","","","16712188","0","5",""
"149","598","1","Heroic Difficulty requires the Sunforged Key[PH].","Heroic Difficulty requires the Sunforged Key[PH].","Le mode Héroïque requiert la clé solforgée.","Der Schwierigkeitsgrad 'Heroisch' benötigt den sonnengeschmiedeten Schlüssel.","","","El nivel de dificultad Heroico requiere la llave Forjasol.","El nivel de dificultad Heroico requiere la llave Forjasol.","Для героической сложности требуется ключ Солнечной Кузни.","","","","","","","","16712190","86400","0",""
"95","599","0","You must be at least level 72 to enter.","You must be at least level 72 to enter.","Vous devez être au moins de niveau 72 pour entrer.","Ihr müsst mindestens Stufe 72 erreicht haben, um eintreten zu können.","","","Para entrar, debes tener al menos nivel 72.","Para entrar, debes tener al menos nivel 72.","Чтобы войти, вы должны быть не ниже 72-го уровня.","","","","","","","","16712190","0","5","DUNGEON_DIFFICULTY_5PLAYER"
"150","599","1","Heroic Difficulty requires you to be level 80.","Heroic Difficulty requires you to be level 80.","Vous devez être de niveau 80 pour accéder au mode héroïque.","Ihr müsst Stufe 80 erreicht haben, um den Schwierigkeitsgrad 'Heroisch' spielen zu können.","","","Para acceder al nivel de dificultad Heroico, debes tener nivel 80.","Para acceder al nivel de dificultad Heroico, debes tener nivel 80.","Для героической сложности требуется 80-й уровень.","","","","","","","","16712190","86400","5","DUNGEON_DIFFICULTY_5PLAYER_HEROIC"
"96","600","0","You must be at least level 69 to enter.","You must be at least level 69 to enter.","Vous devez être au moins de niveau 69 pour entrer.","Ihr müsst mindestens Stufe 69 erreicht haben, um eintreten zu können.","","","Para entrar, debes tener al menos nivel 69.","Para entrar, debes tener al menos nivel 69.","Чтобы войти, вы должны быть не ниже 69-го уровня.","","","","","","","","16712190","0","5","DUNGEON_DIFFICULTY_5PLAYER"
"151","600","1","Heroic Difficulty requires you to be level 80.","Heroic Difficulty requires you to be level 80.","Vous devez être de niveau 80 pour accéder au mode héroïque.","Ihr müsst Stufe 80 erreicht haben, um den Schwierigkeitsgrad 'Heroisch' spielen zu können.","","","Para acceder al nivel de dificultad Heroico, debes tener nivel 80.","Para acceder al nivel de dificultad Heroico, debes tener nivel 80.","Для героической сложности требуется 80-й уровень.","","","","","","","","16712190","86400","5","DUNGEON_DIFFICULTY_5PLAYER_HEROIC"
"97","601","0","You must be at least level 67 to enter.","You must be at least level 67 to enter.","Vous devez être au moins de niveau 67 pour entrer.","Ihr müsst mindestens Stufe 67 erreicht haben, um eintreten zu können.","","","Para entrar, debes tener al menos nivel 67.","Para entrar, debes tener al menos nivel 67.","Чтобы войти, вы должны быть не ниже 67-го уровня.","","","","","","","","16712190","0","5","DUNGEON_DIFFICULTY_5PLAYER"
"152","601","1","Heroic Difficulty requires you to be level 80.","Heroic Difficulty requires you to be level 80.","Vous devez être de niveau 80 pour accéder au mode héroïque.","Ihr müsst Stufe 80 erreicht haben, um den Schwierigkeitsgrad 'Heroisch' spielen zu können.","","","Para acceder al nivel de dificultad Heroico, debes tener nivel 80.","Para acceder al nivel de dificultad Heroico, debes tener nivel 80.","Для героической сложности требуется 80-й уровень.","","","","","","","","16712190","86400","5","DUNGEON_DIFFICULTY_5PLAYER_HEROIC"
"98","602","0","You must be at least level 75 to enter.","You must be at least level 75 to enter.","Vous devez être au moins de niveau 75 pour entrer.","Ihr müsst mindestens Stufe 75 erreicht haben, um eintreten zu können.","","","Para entrar, debes tener al menos nivel 75.","Para entrar, debes tener al menos nivel 75.","Чтобы войти, вы должны быть не ниже 75-го уровня.","","","","","","","","16712190","0","5","DUNGEON_DIFFICULTY_5PLAYER"
"153","602","1","Heroic Difficulty requires you to be level 80.","Heroic Difficulty requires you to be level 80.","Vous devez être de niveau 80 pour accéder au mode héroïque.","Ihr müsst Stufe 80 erreicht haben, um den Schwierigkeitsgrad 'Heroisch' spielen zu können.","","","Para acceder al nivel de dificultad Heroico, debes tener nivel 80.","Para acceder al nivel de dificultad Heroico, debes tener nivel 80.","Для героической сложности требуется 80-й уровень.","","","","","","","","16712190","86400","5","DUNGEON_DIFFICULTY_5PLAYER_HEROIC"
"99","603","0","You must be level 80 and in a raid group to enter.","You must be level 80 and in a raid group to enter.","Vous devez être de niveau 80 et faire partie d'un groupe de raid pour entrer.","Ihr müsst Stufe 80 erreicht haben und einem Schlachtzug angehören, um eintreten zu können.","","","Para entrar, debes tener al menos nivel 80 y pertenecer a un grupo de banda.","Para entrar, debes tener al menos nivel 80 y pertenecer a un grupo de banda.","Чтобы войти, вы должны достичь 80-го уровня и находиться в составе рейда.","","","","","","","","16712190","604800","10","RAID_DIFFICULTY_10PLAYER"
"154","603","1","You must be level 80 and in a raid group to enter.","You must be level 80 and in a raid group to enter.","Vous devez être de niveau 80 et faire partie d'un groupe de raid pour entrer.","Ihr müsst Stufe 80 erreicht haben und einem Schlachtzug angehören, um eintreten zu können.","","","Para entrar, debes tener al menos nivel 80 y pertenecer a un grupo de banda.","Para entrar, debes tener al menos nivel 80 y pertenecer a un grupo de banda.","Чтобы войти, вы должны достичь 80-го уровня и находиться в составе рейда.","","","","","","","","16712190","604800","25","RAID_DIFFICULTY_25PLAYER"
"100","604","0","You must be at least level 71 to enter.","You must be at least level 71 to enter.","Vous devez être au moins de niveau 71 pour entrer.","Ihr müsst mindestens Stufe 71 erreicht haben, um eintreten zu können.","","","Para entrar, debes tener al menos nivel 71.","Para entrar, debes tener al menos nivel 71.","Чтобы войти, вы должны быть не ниже 71-го уровня.","","","","","","","","16712190","0","5","DUNGEON_DIFFICULTY_5PLAYER"
"155","604","1","Heroic Difficulty requires you to be level 80.","Heroic Difficulty requires you to be level 80.","Vous devez être de niveau 80 pour accéder au mode héroïque.","Ihr müsst Stufe 80 erreicht haben, um den Schwierigkeitsgrad 'Heroisch' spielen zu können.","","","Para acceder al nivel de dificultad Heroico, debes tener nivel 80.","Para acceder al nivel de dificultad Heroico, debes tener nivel 80.","Для героической сложности требуется 80-й уровень.","","","","","","","","16712190","86400","5","DUNGEON_DIFFICULTY_5PLAYER_HEROIC"
"101","605","0","","","","","","","","","","","","","","","","","16712188","0","0",""
"102","606","0","","","","","","","","","","","","","","","","","16712188","0","0",""
"103","607","0","","","","","","","","","","","","","","","","","16712188","0","0",""
"301","607","1","","","","","","","","","","","","","","","","","16712188","0","0",""
"104","608","0","You must be at least level 70 to enter.","You must be at least level 70 to enter.","Vous devez être au moins de niveau 70 pour entrer.","Ihr müsst mindestens Stufe 70 erreicht haben, um eintreten zu können.","","","Para entrar, debes tener al menos nivel 70.","Para entrar, debes tener al menos nivel 70.","Чтобы войти, вы должны быть не ниже 70-го уровня.","","","","","","","","16712190","0","5","DUNGEON_DIFFICULTY_5PLAYER"
"156","608","1","Heroic Difficulty requires you to be level 80.","Heroic Difficulty requires you to be level 80.","Vous devez être de niveau 80 pour accéder au mode héroïque.","Ihr müsst Stufe 80 erreicht haben, um den Schwierigkeitsgrad 'Heroisch' spielen zu können.","","","Para acceder al nivel de dificultad Heroico, debes tener nivel 80.","Para acceder al nivel de dificultad Heroico, debes tener nivel 80.","Для героической сложности требуется 80-й уровень.","","","","","","","","16712190","86400","5","DUNGEON_DIFFICULTY_5PLAYER_HEROIC"
"105","609","0","","","","","","","","","","","","","","","","","16712188","0","0",""
"106","610","0","","","","","","","","","","","","","","","","","16712188","0","0",""
"107","612","0","","","","","","","","","","","","","","","","","16712188","0","0",""
"108","613","0","","","","","","","","","","","","","","","","","16712188","0","0",""
"109","614","0","","","","","","","","","","","","","","","","","16712188","0","0",""
"110","615","0","You must be level 80 and in a raid group to enter.","You must be level 80 and in a raid group to enter.","Vous devez être de niveau 80 et faire partie d'un groupe de raid pour entrer.","Ihr müsst Stufe 80 erreicht haben und einem Schlachtzug angehören, um eintreten zu können.","","","Para entrar, debes tener al menos nivel 80 y pertenecer a un grupo de banda.","Para entrar, debes tener al menos nivel 80 y pertenecer a un grupo de banda.","Чтобы войти, вы должны достичь 80-го уровня и находиться в составе рейда.","","","","","","","","16712190","604800","10","RAID_DIFFICULTY_10PLAYER"
"157","615","1","You must be level 80 and in a raid group to enter.","You must be level 80 and in a raid group to enter.","Vous devez être de niveau 80 et faire partie d'un groupe de raid pour entrer.","Ihr müsst Stufe 80 erreicht haben und einem Schlachtzug angehören, um eintreten zu können.","","","Para entrar, debes tener al menos nivel 80 y pertenecer a un grupo de banda.","Para entrar, debes tener al menos nivel 80 y pertenecer a un grupo de banda.","Чтобы войти, вы должны достичь 80-го уровня и находиться в составе рейда.","","","","","","","","16712190","604800","25","RAID_DIFFICULTY_25PLAYER"
"111","616","0","You must be at least level 80 and in a raid group to enter.","You must be at least level 80 and in a raid group to enter.","Vous devez être au moins de niveau 80 et faire partie d'un groupe de raid pour entrer.","Ihr müsst Stufe 80 erreicht haben und einem Schlachtzug angehören, um eintreten zu können.","","","Para entrar, debes tener al menos nivel 80 y pertenecer a un grupo de banda.","Para entrar, debes tener al menos nivel 80 y pertenecer a un grupo de banda.","Чтобы войти, вы должны находиться в составе рейда и быть не ниже 80-го уровня.","","","","","","","","16712190","604800","10","RAID_DIFFICULTY_10PLAYER"
"158","616","1","You must be at least level 80 and in a raid group to enter.","You must be at least level 80 and in a raid group to enter.","Vous devez être au moins de niveau 80 et faire partie d'un groupe de raid pour entrer.","Ihr müsst Stufe 80 erreicht haben und einem Schlachtzug angehören, um eintreten zu können.","","","Para entrar, debes tener al menos nivel 80 y pertenecer a un grupo de banda.","Para entrar, debes tener al menos nivel 80 y pertenecer a un grupo de banda.","Чтобы войти, вы должны находиться в составе рейда и быть не ниже 80-го уровня.","","","","","","","","16712190","604800","25","RAID_DIFFICULTY_25PLAYER"
"112","617","0","","","","","","","","","","","","","","","","","16712188","0","0",""
"113","618","0","","","","","","","","","","","","","","","","","16712188","0","0",""
"114","619","0","You must be at least level 68 to enter.","You must be at least level 68 to enter.","Vous devez être au moins de niveau 68 pour entrer.","Ihr müsst mindestens Stufe 68 erreicht haben, um eintreten zu können.","","","Para entrar, debes tener al menos nivel 68.","Para entrar, debes tener al menos nivel 68.","Чтобы войти, вы должны быть не ниже 68-го уровня.","","","","","","","","16712190","0","5","DUNGEON_DIFFICULTY_5PLAYER"
"159","619","1","Heroic Difficulty requires you to be level 80.","Heroic Difficulty requires you to be level 80.","Vous devez être de niveau 80 pour accéder au mode héroïque.","Ihr müsst Stufe 80 erreicht haben, um den Schwierigkeitsgrad 'Heroisch' spielen zu können.","","","Para acceder al nivel de dificultad Heroico, debes tener nivel 80.","Para acceder al nivel de dificultad Heroico, debes tener nivel 80.","Для героической сложности требуется 80-й уровень.","","","","","","","","16712190","86400","5","DUNGEON_DIFFICULTY_5PLAYER_HEROIC"
"115","620","0","","","","","","","","","","","","","","","","","16712188","0","0",""
"116","621","0","","","","","","","","","","","","","","","","","16712188","0","0",""
"117","622","0","","","","","","","","","","","","","","","","","16712188","0","0",""
"118","623","0","","","","","","","","","","","","","","","","","16712188","0","0",""
"119","624","0","You must be at least level 80, in control of Wintergrasp and in a raid group to enter.","You must be at least level 80, in control of Wintergrasp and in a raid group to enter.","Vous devez être au moins de niveau 80, avoir le contrôle de Joug-d'hiver et faire partie d'un groupe de raid pour entrer.","Ihr müsst Stufe 80 erreicht und die Kontrolle über Tausendwinter haben, sowie einem Schlachtzug angehören, um eintreten zu können.","","","Para entrar, debes tener al menos nivel 80, controlar Conquista del Invierno y pertenecer a un grupo de banda.","Para entrar, debes tener al menos nivel 80, controlar Conquista del Invierno y pertenecer a un grupo de banda.","Чтобы войти, вы должны находиться в составе рейда и быть не ниже 80-го уровня. Кроме того, Озеро Ледяных Оков должно находиться под контролем ваших сил.","","","","","","","","16712190","604800","10","RAID_DIFFICULTY_10PLAYER"
"160","624","1","You must be at least level 80, in control of Wintergrasp and in a raid group to enter.","You must be at least level 80, in control of Wintergrasp and in a raid group to enter.","Vous devez être au moins de niveau 80, avoir le contrôle de Joug-d'hiver et faire partie d'un groupe de raid pour entrer.","Ihr müsst Stufe 80 erreicht und die Kontrolle über Tausendwinter haben, sowie einem Schlachtzug angehören, um eintreten zu können.","","","Para entrar, debes tener al menos nivel 80, controlar Conquista del Invierno y pertenecer a un grupo de banda.","Para entrar, debes tener al menos nivel 80, controlar Conquista del Invierno y pertenecer a un grupo de banda.","Чтобы войти, вы должны находиться в составе рейда и быть не ниже 80-го уровня. Кроме того, Озеро Ледяных Оков должно находиться под контролем ваших сил.","","","","","","","","16712190","604800","25","RAID_DIFFICULTY_25PLAYER"
"120","628","0","","","","","","","","","","","","","","","","","16712188","0","0",""
"281","628","1","","","","","","","","","","","","","","","","","16712188","0","0",""
"485","631","0","You must be at least level 80 and in a raid group to enter.","You must be at least level 80 and in a raid group to enter.","Vous devez être au moins de niveau 80 et faire partie d'un groupe de raid pour entrer.","Ihr müsst mindestens Stufe 80 erreicht haben und einem Schlachtzug angehören, um eintreten zu können.","","","Para entrar, debes tener al menos nivel 80 y pertenecer a un grupo de banda.","Para entrar, debes tener al menos nivel 80 y pertenecer a un grupo de banda.","Чтобы войти, вы должны находиться в составе рейда и быть не ниже 80-го уровня.","","","","","","","","16712190","604800","10","RAID_DIFFICULTY_10PLAYER"
"486","631","1","You must be at least level 80 and in a raid group to enter.","You must be at least level 80 and in a raid group to enter.","Vous devez être au moins de niveau 80 et faire partie d'un groupe de raid pour entrer.","Ihr müsst mindestens Stufe 80 erreicht haben und einem Schlachtzug angehören, um eintreten zu können.","","","Para entrar, debes tener al menos nivel 80 y pertenecer a un grupo de banda.","Para entrar, debes tener al menos nivel 80 y pertenecer a un grupo de banda.","Чтобы войти, вы должны находиться в составе рейда и быть не ниже 80-го уровня.","","","","","","","","16712190","604800","25","RAID_DIFFICULTY_25PLAYER"
"487","631","2","You must have defeated The Lich King in the 10 Player raid before attempting 10 Player Heroic difficulty.","You must have defeated The Lich King in the 10 Player raid before attempting 10 Player Heroic difficulty.","Vous devez avoir vaincu le roi-liche en raid 10 joueurs avant de pouvoir tenter le mode héroïque à 10 joueurs.","Ihr müsst den Lichkönig im 10-Spieler-Schlachtzug bezwungen haben, bevor Ihr mit 10 Spielern im Schwierigkeitsgrad 'Heroisch' antreten könnt.","","","Tienes que haber derrotado al Rey Exánime en la banda de 10 jugadores para poder intentar la dificultad heroica para 10 jugadores.","Tienes que haber derrotado al Rey Exánime en la banda de 10 jugadores para poder intentar la dificultad heroica para 10 jugadores.","Прежде чем попробовать свои силы в рейде героического уровня сложности на 10 игроков, вы должны одержать верх над Королем-личом в составе рейда нормальной сложности на 10 игроков.","","","","","","","","16712190","604800","10","RAID_DIFFICULTY_10PLAYER"
"488","631","3","You must have defeated The Lich King in the 25 Player raid before attempting 25 Player Heroic difficulty.","You must have defeated The Lich King in the 25 Player raid before attempting 25 Player Heroic difficulty.","Vous devez avoir vaincu le roi-liche en raid 25 joueurs avant de pouvoir tenter le mode héroïque à 25 joueurs.","Ihr müsst den Lichkönig im 25-Spieler-Schlachtzug bezwungen haben, bevor Ihr mit 25 Spielern im Schwierigkeitsgrad 'Heroisch' antreten könnt.","","","Tienes que haber derrotado al Rey Exánime en la banda de 25 jugadores para poder intentar la dificultad heroica para 25 jugadores.","Tienes que haber derrotado al Rey Exánime en la banda de 25 jugadores para poder intentar la dificultad heroica para 25 jugadores.","Прежде чем попробовать свои силы в рейде героического уровня сложности на 25 игроков, вы должны одержать верх над Королем-личом в составе рейда нормальной сложности на 25 игроков.","","","","","","","","16712190","604800","25","RAID_DIFFICULTY_25PLAYER"
"481","632","0","You must be at least level 75 to enter.","You must be at least level 75 to enter.","Vous devez être au moins de niveau 75 pour entrer.","Ihr müsst mindestens Stufe 75 erreicht haben, um eintreten zu können.","","","Para entrar, debes tener al menos nivel 75.","Para entrar, debes tener al menos nivel 75.","Чтобы войти, вы должны быть не ниже 75-го уровня.","","","","","","","","16712190","0","5","DUNGEON_DIFFICULTY_5PLAYER"
"482","632","1","Heroic Difficulty requires you to be level 80.","Heroic Difficulty requires you to be level 80.","Vous devez être de niveau 80 pour accéder au mode héroïque.","Ihr müsst Stufe 80 erreicht haben, um den Schwierigkeitsgrad 'Heroisch' spielen zu können.","","","Para acceder al nivel de dificultad Heroico, debes tener nivel 80.","Para acceder al nivel de dificultad Heroico, debes tener nivel 80.","Для героической сложности требуется 80-й уровень.","","","","","","","","16712190","86400","5","DUNGEON_DIFFICULTY_5PLAYER_HEROIC"
"121","641","0","","","","","","","","","","","","","","","","","16712188","0","0",""
"122","642","0","","","","","","","","","","","","","","","","","16712188","0","0",""
"123","647","0","","","","","","","","","","","","","","","","","16712188","0","0",""
"124","649","0","You must be at least level 80 and in a raid group to enter.","You must be at least level 80 and in a raid group to enter.","Vous devez être au moins de niveau 80 et faire partie d'un groupe de raid pour entrer.","Ihr müsst Stufe 80 erreicht haben und einem Schlachtzug angehören, um eintreten zu können.","","","Para entrar, debes tener al menos nivel 80 y pertenecer a un grupo de banda.","Para entrar, debes tener al menos nivel 80 y pertenecer a un grupo de banda.","Чтобы войти, вы должны находиться в составе рейда и быть не ниже 80-го уровня.","","","","","","","","16712190","604800","10","RAID_DIFFICULTY_10PLAYER"
"161","649","1","You must be at least level 80 and in a raid group to enter.","You must be at least level 80 and in a raid group to enter.","Vous devez être au moins de niveau 80 et faire partie d'un groupe de raid pour entrer.","Ihr müsst Stufe 80 erreicht haben und einem Schlachtzug angehören, um eintreten zu können.","","","Para entrar, debes tener al menos nivel 80 y pertenecer a un grupo de banda.","Para entrar, debes tener al menos nivel 80 y pertenecer a un grupo de banda.","Чтобы войти, вы должны находиться в составе рейда и быть не ниже 80-го уровня.","","","","","","","","16712190","604800","25","RAID_DIFFICULTY_25PLAYER"
"221","649","2","You must be at least level 80 and in a raid group to enter.","You must be at least level 80 and in a raid group to enter.","Vous devez être au moins de niveau 80 et faire partie d'un groupe de raid pour entrer.","Ihr müsst Stufe 80 erreicht haben und einem Schlachtzug angehören, um eintreten zu können.","","","Para entrar, debes tener al menos nivel 80 y pertenecer a un grupo de banda.","Para entrar, debes tener al menos nivel 80 y pertenecer a un grupo de banda.","Чтобы войти, вы должны находиться в составе рейда и быть не ниже 80-го уровня.","","","","","","","","16712190","604800","10","RAID_DIFFICULTY_10PLAYER_HEROIC"
"222","649","3","You must be at least level 80 and in a raid group to enter.","You must be at least level 80 and in a raid group to enter.","Vous devez être au moins de niveau 80 et faire partie d'un groupe de raid pour entrer.","Ihr müsst Stufe 80 erreicht haben und einem Schlachtzug angehören, um eintreten zu können.","","","Para entrar, debes tener al menos nivel 80 y pertenecer a un grupo de banda.","Para entrar, debes tener al menos nivel 80 y pertenecer a un grupo de banda.","Чтобы войти, вы должны находиться в составе рейда и быть не ниже 80-го уровня.","","","","","","","","16712190","604800","25","RAID_DIFFICULTY_25PLAYER_HEROIC"
"125","650","0","You must be at least level 75 to enter.","You must be at least level 75 to enter.","Vous devez être au moins de niveau 75 pour entrer.","Ihr müsst mindestens Stufe 75 erreicht haben, um eintreten zu können.","","","Para entrar, debes tener al menos nivel 75.","Para entrar, debes tener al menos nivel 75.","Чтобы войти, вы должны быть не ниже 75-го уровня.","","","","","","","","16712190","0","5","DUNGEON_DIFFICULTY_5PLAYER"
"162","650","1","Heroic Difficulty requires you to be level 80.","Heroic Difficulty requires you to be level 80.","Vous devez être de niveau 80 pour accéder au mode héroïque.","Ihr müsst Stufe 80 erreicht haben, um den Schwierigkeitsgrad 'Heroisch' spielen zu können.","","","Para acceder al nivel de dificultad Heroico, debes tener nivel 80.","Para acceder al nivel de dificultad Heroico, debes tener nivel 80.","Для героической сложности требуется 80-й уровень.","","","","","","","","16712190","86400","5","DUNGEON_DIFFICULTY_5PLAYER_HEROIC"
"483","658","0","You must complete the quest ""Echoes of Tortured Souls"" before entering the Pit of Saron.","You must complete the quest ""Echoes of Tortured Souls"" before entering the Pit of Saron.","Vous devez avoir terminé la quête « Les échos des âmes torturées » avant d'entrer dans la fosse de Saron.","Ihr müsst die Quest ""Echos gequälter Seelen"" abgeschlossen haben, um die Grube von Saron betreten zu können.","","","Debes completar la misión ""Ecos de almas torturadas"" antes de entrar en el Foso de Saron.","Debes completar la misión ""Ecos de almas torturadas"" antes de entrar en el Foso de Saron.","Чтобы войти в Яму Сарона, вы должны выполнить задание ""Тени замученных душ"".","","","","","","","","16712190","0","5","DUNGEON_DIFFICULTY_5PLAYER"
"484","658","1","You must complete the quest ""Echoes of Tortured Souls"" and be level 80 before entering the Heroic difficulty of the Pit of Saron.","You must complete the quest ""Echoes of Tortured Souls"" and be level 80 before entering the Heroic difficulty of the Pit of Saron.","Vous devez avoir terminé la quête « Les échos des âmes torturées » et être de niveau 80 avant d'entrer dans la fosse de Saron en mode héroïque.","Ihr müsst die Quest ""Echos gequälter Seelen"" abgeschlossen und Stufe 80 erreicht haben, um die Grube von Saron auf dem Schwierigkeitsgrad 'Heroisch' betreten zu können.","","","Debes completar la misión "" Ecos de almas torturadas "" y ser nivel 80 antes de entrar el Foso de Saron en dificultad heroica.","Debes completar la misión "" Ecos de almas torturadas "" y ser nivel 80 antes de entrar el Foso de Saron en dificultad heroica.","Чтобы войти в Яму Сарона в героическом режиме сложности, вы должны выполнить задание ""Тени замученных душ"" и достичь 80-го уровня.","","","","","","","","16712190","86400","5","DUNGEON_DIFFICULTY_5PLAYER_HEROIC"
"341","668","0","You must complete the quest ""Deliverance from the Pit"" before entering the Halls of Reflection.","You must complete the quest ""Deliverance from the Pit"" before entering the Halls of Reflection.","Vous devez avoir terminé la quête « Libérés de la fosse » avant d'entrer dans les salles des Reflets.","Ihr müsst die Quest ""Befreiung aus der Grube"" abgeschlossen haben, um die Hallen der Reflexion betreten zu können.","","","Debes completar la misión ""Liberación del foso"" antes de entrar en las Cámaras de Reflexión.","Debes completar la misión ""Liberación del foso"" antes de entrar en las Cámaras de Reflexión.","Чтобы войти в Залы Отражений, вы должны выполнить задание ""Зачистка Ямы"".","","","","","","","","16712190","0","5","DUNGEON_DIFFICULTY_5PLAYER"
"342","668","1","You must complete the quest ""Deliverance from the Pit"" and be level 80 before entering the Heroic difficulty of the Halls of Reflection.","You must complete the quest ""Deliverance from the Pit"" and be level 80 before entering the Heroic difficulty of the Halls of Reflection.","Vous devez avoir terminé la quête « Libérés de la fosse » et être de niveau 80 avant d'entrer dans les salles des Reflets en mode héroïque.","Ihr müsst die Quest ""Befreiung aus der Grube"" abgeschlossen und Stufe 80 erreicht haben, um die Hallen der Reflexion auf dem Schwierigkeitsgrad 'Heroisch' betreten zu können.","","","Debes completar la misión ""Liberación del foso"" y ser nivel 80 antes de entrar en las Cámaras de Reflexión en dificultad heroica.","Debes completar la misión ""Liberación del foso"" y ser nivel 80 antes de entrar en las Cámaras de Reflexión en dificultad heroica.","Чтобы войти в Залы Отражений в героическом режиме сложности, вы должны выполнить задание ""Зачистка Ямы"" и достичь 80-го уровня.","","","","","","","","16712190","86400","5","DUNGEON_DIFFICULTY_5PLAYER_HEROIC"
"642","712","0","","","","","","","","","","","","","","","","","16712188","0","0",""
"641","713","0","","","","","","","","","","","","","","","","","16712188","0","0",""
"701","718","0","","","","","","","","","","","","","","","","","16712188","0","0",""
"744","723","0","","","","","","","","","","","","","","","","","16712188","0","0",""
"750","724","0","You must be level 80 and in a raid group to enter.","You must be level 80 and in a raid group to enter.","Vous devez être de niveau 80 et faire partie d'un groupe de raid pour entrer.","Ihr müsst Stufe 80 erreicht haben und einem Schlachtzug angehören, um eintreten zu können.","","","Para entrar, debes tener al menos nivel 80 y pertenecer a un grupo de banda.","Para entrar, debes tener al menos nivel 80 y pertenecer a un grupo de banda.","Чтобы войти, вы должны достичь 80-го уровня и находиться в составе рейда.","","","","","","","","16712190","604800","10","RAID_DIFFICULTY_10PLAYER"
"751","724","1","You must be level 80 and in a raid group to enter.","You must be level 80 and in a raid group to enter.","Vous devez être de niveau 80 et faire partie d'un groupe de raid pour entrer.","Ihr müsst Stufe 80 erreicht haben und einem Schlachtzug angehören, um eintreten zu können.","","","Para entrar, debes tener al menos nivel 80 y pertenecer a un grupo de banda.","Para entrar, debes tener al menos nivel 80 y pertenecer a un grupo de banda.","Чтобы войти, вы должны достичь 80-го уровня и находиться в составе рейда.","","","","","","","","16712190","604800","25","RAID_DIFFICULTY_25PLAYER"
"752","724","2","You must be level 80 and in a raid group to enter.","You must be level 80 and in a raid group to enter.","Vous devez être de niveau 80 et faire partie d'un groupe de raid pour entrer.","Ihr müsst Stufe 80 erreicht haben und einem Schlachtzug angehören, um eintreten zu können.","","","Para entrar, debes tener al menos nivel 80 y pertenecer a un grupo de banda.","Para entrar, debes tener al menos nivel 80 y pertenecer a un grupo de banda.","Чтобы войти, вы должны достичь 80-го уровня и находиться в составе рейда.","","","","","","","","16712190","604800","10","RAID_DIFFICULTY_10PLAYER"
"753","724","3","You must be level 80 and in a raid group to enter.","You must be level 80 and in a raid group to enter.","Vous devez être de niveau 80 et faire partie d'un groupe de raid pour entrer.","Ihr müsst Stufe 80 erreicht haben und einem Schlachtzug angehören, um eintreten zu können.","","","Para entrar, debes tener al menos nivel 80 y pertenecer a un grupo de banda.","Para entrar, debes tener al menos nivel 80 y pertenecer a un grupo de banda.","Чтобы войти, вы должны достичь 80-го уровня и находиться в составе рейда.","","","","","","","","16712190","604800","25","RAID_DIFFICULTY_25PLAYER"
"754","801","0","","","","","","","","","","","","","","","","","16712188","0","0",""
"755","726","0","","","","","","","","","","","","","","","","","16712188","0","0",""
"756","761","0","","","","","","","","","","","","","","","","","16712188","0","0",""
